Meta-Protein No.	Meta-Protein Accession	Meta-Protein Description	Meta-Protein Taxonomy	Meta-Protein UniRef100	Meta-Protein UniRef90	Meta-Protein UniRef50	Meta-Protein KO	Meta-Protein EC	Peptide Count	Spectral Count	Proteins	Peptides	
1	Meta-Protein 218		root	UNKNOWN	UNKNOWN	UNKNOWN	UNKNOWN	Unclassified|	1	1	K2C1_HUMAN	GSGGGSSGGSIGGR	
2	Meta-Protein 219	A0A1L2UR97_TREDN Protein RecA OS=Treponema denticola OX=158 GN=recA PE=3 SV=1	root	UNKNOWN	UNKNOWN	UNKNOWN	UNKNOWN	Unclassified|	1	1	A0A1L2UR97	MAKAKNEAPAVGNPDDK	
3	Meta-Protein 1	D4CUZ5_9FUSO 30S ribosomal protein S4 OS=Fusobacterium periodonticum ATCC 33693 OX=546275 GN=rpsD PE=3 SV=1	Fusobacterium	UNKNOWN	UNKNOWN	UNKNOWN	UNKNOWN	Unclassified|	1	1	D4CUZ5, A0A2G9EGK6, Q7P521, A0A2A5QP07, Q8RE43, G6C331, A0A0S2ZD75, A0A2G9EBL1, A0A2B7YEX5, A0A0S2ZSW3, X8IMT2, C7XNS1	QIVSHGHIAVNGR	
4	Meta-Protein 220	RL27_STRSV 50S ribosomal protein L27 OS=Streptococcus sanguinis (strain SK36) OX=388919 GN=rpmA PE=3 SV=1	Streptococcus sanguinis SK36	UNKNOWN	UNKNOWN	UNKNOWN	K02899|	Unclassified|	1	1	A3CMS1	GTHIHAGVNVGR	
5	Meta-Protein 2	V7I9Q1_EIKCO Uncharacterized protein OS=Eikenella corrodens CC92I OX=1073362 GN=HMPREF1177_01786 PE=3 SV=1	root	UNKNOWN	UNKNOWN	UNKNOWN	UNKNOWN	Unclassified|	1	1	V7I9Q1, A0A1A9RN71, A0A1A9RRQ8	TGGAHSAVVTAVSR	
6	Meta-Protein 3	A0A246EI34_FUSNP Elongation factor Tu OS=Fusobacterium nucleatum subsp. polymorphum OX=76857 GN=tuf PE=3 SV=1	root	UNKNOWN	UNKNOWN	UNKNOWN	UNKNOWN	Unclassified|	1	2	A0A246EI34, A0A223AUV9, C7XRU9	ELLTEYGFPGDEIPVIR	
7	Meta-Protein 4	A0A0H4PFS2_9BACT Elongation factor Tu OS=Cyclobacterium amurskyense OX=320787 GN=tuf PE=3 SV=1	root	UNKNOWN	UNKNOWN	UNKNOWN	UNKNOWN	Unclassified|	1	2	A0A0H4PFS2, A0A139NMV1, A0A1F0Y638, A0A0P6S287, A0A1Q8RH34, A0A139MSW0, A8AWA0, A0A134D8Y6, A0A139PDY6, A0A0A6S7A0, A0A1C3SQA8, A0A0A0DJR7, A0A081QC88, A0A1Q8EFI2, A0A1F0ZYK7, A0A0B7GLJ1, A0A239XAW3, A0A0F2CEN3, B9DRL9, A0A139Q9A6, A0A0F2CHU7, A0A074J0H1, D2ERE6, A0A139NRE4, A0A0Y1UR78, B2IQV2, A0A1V2SQ62, A0A0F2DZD6, A0A0E2Q2Q4, B5XKI1, A0A139N847, A0A0F2E0T5, A0A060RLJ8, A0A0E3WFP9, U2KP19, A0A0W7V713, A0A139NJL2, E3CHK3, A0A0C1K7P6	TTLTAAITTVLAR	
8	Meta-Protein 5	A0A1R1FDG6_9BACL Cell division protein FtsZ OS=Paenibacillus sp. FSL R5-0490 OX=1920424 GN=ftsZ PE=3 SV=1	Veillonella	UNKNOWN	UNKNOWN	UNKNOWN	UNKNOWN	Unclassified|	1	1	A0A1R1FDG6, E4LDF1, T0T3M4, A0A134C2P2, A0A096BZG6, A0A239ZCB1, D6KNF0, A0A1V0XBR6, W3Y6L0, W1WMD6, A0A0G7H370, A0A0E1R7Y0, A0A1E7E2W8, C4FPV7, A0A033V8H6, A0A0B8RHT6, S3AVK9, A0A0C1PPR7, A0A0T8VPP3, A0A1Q8DEM2	VIGVGGGGNNAVNR	
9	Meta-Protein 6	A0A2D3P4G1_9FUSO Glutamate dehydrogenase OS=Fusobacterium periodonticum OX=860 GN=CTM64_00105 PE=3 SV=1	root	UNKNOWN	UNKNOWN	UNKNOWN	UNKNOWN	Unclassified|	1	1	A0A2D3P4G1, A0A2C6BUM9, A0A2D3JHJ5, A0A2A5QK23, A0A2D3PWE9, A0A223AZB6, A0A1E9IP93, A0A0S2ZMD3, A0A2G9E744, A0A2D3NUF4, A0A1E9ECX4, E5BDY4, H1DAB1, A0A064AKX6, F7KWS2, A0A017H5W2, A0A2C6AUZ3, C6JLG8, X8I3S9, A0A0M3US59, A0A2B7YN35, A0A2C6AYB7, A0A246ECW5	SAHNDAVGPFK	
10	Meta-Protein 7	F9EMZ6_FUSNU R-phenyllactate dehydratase alpha subunit OS=Fusobacterium nucleatum subsp. animalis ATCC 51191 OX=997347 GN=fldB PE=4 SV=1	Bacteria	UNKNOWN	UNKNOWN	UNKNOWN	UNKNOWN	Unclassified|	3	3	F9EMZ6, Q8R6B4, A0A2A5QN97, C7XRG1, A0A0S2ZQU4, G6C3T9, A0A223AVK6, D5RC20, A0A246EIA9, J8S5F9, A0A2D3LXF3, A0A0S2ZDE9, A0A2C6BK28, A0A2G9EAH3, A0A0D6FMU3, A0A095WJ53, S3KVM6, K1GXC7, D4CWU8	PIEGHKPAAAILR, PIEGHKPAAALLRYMGYKPSPLSGFDLFNHMADIVAAR	
11	Meta-Protein 8	A0A1B8T4L0_HAEPA Acetyl-CoA carboxylase biotin carboxylase subunit OS=Haemophilus parainfluenzae OX=729 GN=BBB48_06035 PE=4 SV=1	root	UNKNOWN	UNKNOWN	UNKNOWN	UNKNOWN	Unclassified|	1	1	A0A1B8T4L0, A0A1F0UJP3, E1X6C5, A0A1S1FTG8, F0EVP8, E6KW20, A0A1B8QV65, E1W3Q4, A0A2J1DPZ3	VAHLHSPGGLGVR	
12	Meta-Protein 9	F9EN80_FUSNU 30S ribosomal protein S9 OS=Fusobacterium nucleatum subsp. animalis ATCC 51191 OX=997347 GN=rpsI PE=3 SV=1	root	UNKNOWN	UNKNOWN	UNKNOWN	UNKNOWN	Unclassified|	1	2	F9EN80, C6JN45, A0A2A5QN62, X7RYE3, A0A223AWX7, A0A250LQQ6, K1GJ64, A0A2D3NXR0, Q8RGG8, Q7P3E8, A0A2G9EF57, A0A1S1MKZ9, G6C499	VNVVGGGNSGQAGAIR	
13	Meta-Protein 10	E1W5I2_HAEP3 2-oxoglutarate decarboxylase, thiamin-requiring OS=Haemophilus parainfluenzae (strain T3T1) OX=862965 GN=PARA_15260 PE=4 SV=1	root	UNKNOWN	UNKNOWN	UNKNOWN	UNKNOWN	Unclassified|	1	1	E1W5I2, A0A0E1WHG7, A0A145QXK1, A0A0E1RQ35, A0A0M1GL51, A0A1B8QU20, U4SKT2, A0A0M3G342, F9GW93, A0A1R0EBK4, A0A1R0EAJ7, A0A0H3PCG9, A0A1S1FUW2, A0A1B8T740, A0A0D0IIL6	HAVVHNQNDGTGYVPLTHLHANQGR	
14	Meta-Protein 11	D1BPS4_VEIPT Succinate dehydrogenase or fumarate reductase, flavoprotein subunit OS=Veillonella parvula (strain ATCC 10790 / DSM 2008 / JCM 12972 / Te3) OX=479436 GN=Vpar_1705 PE=4 SV=1	Veillonella	UNKNOWN	UNKNOWN	UNKNOWN	UNKNOWN	Unclassified|	1	2	D1BPS4, E1LCY9, A0A1V0XDI2, W3Y2V5, D6KJI9, T0STP7, A0A133S4C9, W1V2D2, A0A134C319, E4LF71	AIILSTGGAGR	
15	Meta-Protein 12	A0A0M4SRP1_FUSNU Trigger factor OS=Fusobacterium nucleatum subsp. animalis OX=76859 GN=tig PE=3 SV=1	root	UNKNOWN	UNKNOWN	UNKNOWN	UNKNOWN	Unclassified|	1	2	A0A0M4SRP1, A0A2C6BTJ0, A0A0S1YXB2, A0A2A5QLG0, A0A2C6CA69, A0A2C6C538, A0A133NSZ5, A0A1F0E5V4, X8I760, A0A2G9F966, A0A101K5K2, A0A2B7YJJ9, A0A2G7H9T7, A0A1E9EHH9, U7TC72, A0A1S1MIJ1, U7T185, F9EMR8, D5RDI8	VLAHVGEHAEVAGFR	
16	Meta-Protein 13	F9GPB7_HAEHA Methylenetetrahydrofolate reductase OS=Haemophilus haemolyticus M19501 OX=1028803 GN=metF PE=3 SV=1	root	UNKNOWN	UNKNOWN	UNKNOWN	UNKNOWN	Unclassified|	1	1	F9GPB7, A0A0G9FM24, A0A0N2CVU1, F9Q5W6, A0A0D0II49, A0A073FNU0, A0A1B8T629, A0A0F5EXJ0, A0A1B8QZH9, A0A025C3X7, A0A029IGM9, A0A0F6CBQ5, E1W606, A0A0F5ES75, A0A1R0EBX6, A0A1B8QUV6, A0A1F0UK88, F0ET39, A0A073UMK9, F9H6C8, A0A2J6P7W6, A0A1R0EEL5, A0A0K4PUI5	FVSVTYGANSGER	
17	Meta-Protein 14	B0UT92_HISS2 PTS system, glucose subfamily, IIA subunit OS=Histophilus somni (strain 2336) OX=228400 GN=HSM_1011 PE=4 SV=1	Pasteurellaceae	UNKNOWN	UNKNOWN	UNKNOWN	K02777|	Unclassified|	1	1	B0UT92, E6KX00, A0A1B8T6V2, A0A1R0EB10, A0A2J6PA96, A0A1F0UGL2, E1W6U2, A0A1R0ED96, A0A1V4B1L1	IVGDGIAIRPTGNK	
18	Meta-Protein 221	A0A1D2LJ94_BROTH 30S ribosomal protein S7 OS=Brochothrix thermosphacta OX=2756 GN=rpsG PE=3 SV=1	root	UNKNOWN	UNKNOWN	UNKNOWN	UNKNOWN	Unclassified|	1	1	A0A1D2LJ94	VLPDPMYNSKLVTRLI	
19	Meta-Protein 15	A0A1V2BXJ8_HAEIF 30S ribosomal protein S8 OS=Haemophilus influenzae OX=727 GN=rpsH PE=3 SV=1	Pasteurellaceae	UNKNOWN	UNKNOWN	UNKNOWN	UNKNOWN	Unclassified|	1	1	A0A1V2BXJ8, H0KGG0, A0A0F5EW52, A5UDT3, Q0I148, A0A0F5ENT2, F9GRF4, A0A1T0B507, G4A6R3, A0A0K1N219, X2K0F5	YFQGKPVVESIQR	
20	Meta-Protein 16	A0A1H6GU05_SELRU Methylmalonyl-CoA mutase, N-terminal domain OS=Selenomonas ruminantium OX=971 GN=SAMN05216583_10730 PE=4 SV=1	root	UNKNOWN	UNKNOWN	UNKNOWN	UNKNOWN	Unclassified|	2	3	A0A1H6GU05, A0A239ZG97, A0A1H0P0S5, F9N3E6, K9D4D8, I0GR88, D6KNT7, A0A1V0XC72, A0A1M6SJW1, A0A134C1S6, E4LBY0, U2UPV0, A0A096CR68, R5BSG1, W3Y624, A0A134CBX8, A0A134C6N8, A0A1B3X615, A0A0K1FFW6, A0A1I6YE90, D1YS71, A0A2I1TFV8, A0A1B1I1E8	VALQTAAAVMGGTQSLHTNSRVHTQTAGSMLTAQQVDNNIVR	
21	Meta-Protein 17	G6C117_9FUSO 50S ribosomal protein L14 OS=Fusobacterium sp. oral taxon 370 str. F0437 OX=861452 GN=rplN PE=3 SV=1	root	UNKNOWN	UNKNOWN	UNKNOWN	UNKNOWN	Unclassified|	1	2	G6C117, A0A2B7YFA9, A0A2A5QKS0, A0A017H494, A0A2G9E8C8, C3WFX4	MVQQQTILNVADNSGAKK	
22	Meta-Protein 18	A0A133S1S4_9FIRM Protein RecA OS=Veillonella atypica OX=39777 GN=recA PE=3 SV=1	Bacteria	UNKNOWN	UNKNOWN	UNKNOWN	UNKNOWN	Unclassified|	1	1	A0A133S1S4, F5L2U5, A0A134C6Q4, A0A0N8X0K0, D6KNN5, A0A096CQU7, R5BFY7, A0A095XYF9, A0A134C2S8, A0A135YM73, A0A1G4PEY3, A0A2I1TJH7, A0A090I0E1, W1WNA5, A0A0N9K3K5, W1V5K6, C4FPK3, A0A1H2SM93	VGVMFGNPETTTGGR	
23	Meta-Protein 19	A0A0F6MNF1_TREDN L-lactate dehydrogenase OS=Treponema denticola OTK OX=999434 GN=ldh PE=3 SV=1	Bacteria	UNKNOWN	UNKNOWN	UNKNOWN	UNKNOWN	1.1.1.27|	1	1	A0A0F6MNF1, C4GMP4, A0A1G4SRR8, A0A0E2ECE8, A0A1H2WBS4, F3ARD8, S3KLX5, A0A096KYA7	VIGSGTVLDTAR	
24	Meta-Protein 20	A0A074L8X9_PAEPO DNA-directed RNA polymerase subunit beta OS=Paenibacillus polymyxa OX=1406 GN=rpoB PE=3 SV=1	root	UNKNOWN	UNKNOWN	UNKNOWN	UNKNOWN	Unclassified|	2	1	A0A074L8X9, U4SF51, A0A0K1N0H7, A0A2J9PQR6, A0A075QIE4, A0A1T0A2W9, A0A1B8R066, A0A1F0ULR5, A0A0A0GQ73, A0A1B8PDA6, F0EQ65, A0A1S1FKN4, A0A086I6U2, A0A0K4G266, A0A2G1DU66, A0A0H4HPM7, A0A1R0EF12, C9R6Y1, A0A0K9LA93, A0A2J6P8C4, A0A1B8T284, A0A0F5EUT1, A0A084F046, A0A0M1GJQ0, A0A0N2CVP4, F9Q8R1, A0A1T0ARU6, A0A0B5HLZ9, A0A0F5F0T0, E6L059, A0A0M3G8W1, A0A0D0IJS3, U1SCZ9, A0A1C7BUU4, A0A0A3YNA9, A0A0E2THH6, A0A1V2BW16, I6YSG7, A0A1V4B066, A0A0H3PBX4, A0A1R0E6A0, E1W3J3, A0A0E1WJK2, A0A0F2E2X8, G7SMD7, A0A0Z8GBI4, A0A081PYQ8, A0A096AKD1, A0A0F2CL94, A0A0E2IRY0, A0A0N0DM65, A0A0F2D4D2, A0A081QCZ2, A0A0C1HTY5, A0A0F2E3W8, A0A1X1IYX6, A0A0F2DXX9, A0A0Z8KE42, A0A0Z8IRM4, A0A0Z6YE67, Q9Z4U0, A0A081PSM1, A0A0Z8J3U3, A0A081R3B2, A0A0Z8IWF4, A0A015NZB4, A0A089L2P4, A0A0E1EKI6, A0A077W4K6, A0A0E3CQ70, A0A0E4H436, F4R1I9, A0A0T8C453, A0A0T7ZHQ2, E0RGP1, A0A1R4G6A1, A0A1B8UTD5, A0A1C3CL03, A0A0B7GKZ0, A0A134DD00, A0A0A0DEP8, A0A139MY09, A0A0T7K8Z3, A0A0Z8H9H3, A0A0Z8CBB4, A0A109W996, A0A0V7YBY9, A0A0T8X6S2, A0A0A1DZG2, A0A0E2UAU7, A0A1G1BF60, A0A1T0AZ50, A0A1F2GFS1, A0A1H6CZN1, A0A139N0Q2, A0A089K492, A0A0D3VFC9, A0A0D1I7D0, A0A1V4FK49, A0A089M2K4, A0A1Z3LUG2, A0A1L6C0N0, A0A089J0F9, Q5LXV3, A0A074IPK6, A0A0N8FX22, C0WS76, A0A089KKA8, A0A163TP39, A0A072EIV4, A0A0C2V160, A0A0Q9L1T0, A0A0G7HDW7, A0A117LP71, A0A089ICD3, A0A068EY98, A0A1Y0J3M2, A0A0E2EJZ8, A0A024LQH2, A0A1F4S744, A0A0E2PI67, A0A2E9D7Q1, F5LKJ8, A0A0F3HTH6, A0A1K8FMX7, A0A0F2CR91, A0A078BMN9, A0A079YUQ6, A0A0F3H2C2, A0A0U4DJ01, A0A0U2WBJ6, Q8GCR5, A0A0F7RMI2, A0A0D1P051, A0A139MIU9, F9HJK7, A0A0F5MP78, A0A1E9DXX1, A0A1F0KE23, A0A2I1ZB44, A0A1R1BCV1, A0A110IK96, A0A060RIY0, A0A081NVB7, A0A2E8THH3, A0A033UK63, A0A1F4SRW6, A0A0B8U1R6, F3LBN8	ISALGPGGLTRLSALGPGGLTR	
25	Meta-Protein 21	A0A241Q0W7_FUSNP Glutamate--tRNA ligase OS=Fusobacterium nucleatum subsp. polymorphum OX=76857 GN=gltX PE=3 SV=1	Fusobacterium	UNKNOWN	UNKNOWN	UNKNOWN	UNKNOWN	Unclassified|	1	1	A0A241Q0W7, X8GRJ9, A0A2C6C000, A0A1F0E4E7, A5TXX2, A0A246EIQ3	LLNSLKDETGLK	
26	Meta-Protein 222	A0A0M2H7K9_9MICO Aminodeoxyfutalosine synthase OS=Microbacterium ketosireducens OX=92835 GN=mqnE PE=3 SV=1	root	UNKNOWN	UNKNOWN	UNKNOWN	UNKNOWN	Unclassified|	1	1	A0A0M2H7K9	MTAVASPVSSPAVARALGLAGR	
27	Meta-Protein 22	A0A2D3P1T3_9FUSO Porin OS=Fusobacterium periodonticum OX=860 GN=CTM64_05505 PE=3 SV=1	root	UNKNOWN	UNKNOWN	UNKNOWN	UNKNOWN	Unclassified|	1	1	A0A2D3P1T3, A0A2G9EIU3	KPLEDIIVFDQEGVTIR	
28	Meta-Protein 23	F9EL59_FUSNU Outer membrane porin F OS=Fusobacterium nucleatum subsp. animalis ATCC 51191 OX=997347 GN=HMPREF9094_0663 PE=3 SV=1	Fusobacterium nucleatum subsp. animalis ATCC 51191	UNKNOWN	UNKNOWN	UNKNOWN	UNKNOWN	Unclassified|	1	1	F9EL59, A0A0D6FRL3, A0A2D3JMS8, A0A223AX67, A0A2G7HC33, A0A2A5QN83, A0A133NLR7	YAVEDTEANKKPLEDIIVFNEEGVTIR	
29	Meta-Protein 24	A0A0S1YVU3_FUSNP DNA integrity scanning protein DisA OS=Fusobacterium nucleatum subsp. polymorphum OX=76857 GN=disA PE=3 SV=1	root	UNKNOWN	UNKNOWN	UNKNOWN	UNKNOWN	2.7.7.85|	1	1	A0A0S1YVU3, A0A1Z3CEJ4, D5RC67, A5TSW4, A0A246EG41	ILYANVHVQPDNSYSTTESGTR	
30	Meta-Protein 25	C0DVU7_EIKCO ATP synthase subunit alpha OS=Eikenella corrodens ATCC 23834 OX=546274 GN=atpA PE=3 SV=1	Eikenella corrodens ATCC 23834	UNKNOWN	UNKNOWN	UNKNOWN	UNKNOWN	Unclassified|	1	1	C0DVU7, A0A1A9RES9, A0A1A9RU06, A0A254N1F5	TQHADVLDQINQQGVMSDENEQVLTEAINTFK	
31	Meta-Protein 26	I3DGF1_HAEPH 50S ribosomal protein L16 OS=Haemophilus parahaemolyticus HK385 OX=1095744 GN=rplP PE=3 SV=1	root	UNKNOWN	UNKNOWN	UNKNOWN	UNKNOWN	Unclassified|	1	2	I3DGF1, A0A143CIA8, A0A1V3W8B5, B2HZA1, A0A1T0APH6, A0A009KAR0, A0A198UNZ7, A0A1B8T6E3, A0A074TN42, A0A0K9L0U6, A0A0F5EUM1, A0A0E1WK43, F9H4H5, P55837, A0A1T0AZA2	VFPDKPITEKPLEVR	
32	Meta-Protein 27	A0A240CIK1_EIKCO RidA family protein OS=Eikenella corrodens OX=539 GN=CA838_03205 PE=4 SV=1	root	UNKNOWN	UNKNOWN	UNKNOWN	UNKNOWN	Unclassified|	1	2	A0A240CIK1, A0A1A9RMD7	TIIHTDHAPAAIGAYSQAVR	
33	Meta-Protein 28	A0A1Y4A8Q6_9BACE 30S ribosomal protein S9 OS=Bacteroides sp. An322 OX=1965632 GN=rpsI PE=3 SV=1	root	UNKNOWN	UNKNOWN	UNKNOWN	UNKNOWN	Unclassified|	1	1	A0A1Y4A8Q6, A0A1Y4CRG7, A0A096AYZ8, F0R2C6	VNLNGGGFTGQSQALR	
34	Meta-Protein 29	X7RZD8_FUSNU Uncharacterized protein OS=Fusobacterium nucleatum 13_3C OX=1357398 GN=HMPREF2085_01330 PE=3 SV=1	root	UNKNOWN	UNKNOWN	UNKNOWN	UNKNOWN	Unclassified|	1	1	X7RZD8, A0A0S1YUU7, A0A0S2ZPL5, X8I038, A0A2A5QP87	IVANGFGSSNPIASNSTQEGR	
35	Meta-Protein 30	C5NU83_9BACL Flavin reductase OS=Gemella haemolysans ATCC 10379 OX=546270 GN=GEMHA0001_0734 PE=4 SV=1	root	UNKNOWN	UNKNOWN	UNKNOWN	UNKNOWN	Unclassified|	1	1	C5NU83, A0A134A5X4	FATVAQSLAER	
36	Meta-Protein 31	A0A0F5EUH0_AVIPA Triosephosphate isomerase OS=Avibacterium paragallinarum OX=728 GN=tpiA PE=3 SV=1	root	UNKNOWN	UNKNOWN	UNKNOWN	K01803|	5.3.1.1|	1	2	A0A0F5EUH0, A0A1V4AZG8, U1S5V1, H1LQ31, H0KEF8, B0URI5, A0A1B8PEQ7, I3DA67, A0A0N2CWB5, F0EQI3, A0A0K1N2V7, A0A0K9L5J7, A0A0M3G5S5, A5UHG7, A0A2J9PJ76, A0A0H3PC34, A0A1S1FUL9, P43727, A0A142G0X5, A0A1B8T2A5, A0A1B8QWP0, A0A1V2BRK6, A0A1B8P7Y5, A0A1B8QN11, A0A0M1GKG3, A0A1F0UHW4, A0A0M3G5L3, A0A121XWP8, A0A1R0E7L0, A0A0E1RSS2, A0A223ME68, A0A265QLJ0	SATPAQAQAVHAFIR	
37	Meta-Protein 223	A0A0D3LMC1_9BACT PUA domain-containing protein OS=Flammeovirgaceae bacterium 311 OX=1257021 GN=D770_24195 PE=3 SV=1	root	UNKNOWN	UNKNOWN	UNKNOWN	UNKNOWN	Unclassified|	1	1	A0A0D3LMC1	IAGAVVAVSGGQITAVYDK	
38	Meta-Protein 224	A0A1A9RU88_EIKCO Glutathione peroxidase OS=Eikenella corrodens OX=539 GN=A7P85_03245 PE=4 SV=1	root	UNKNOWN	UNKNOWN	UNKNOWN	UNKNOWN	Unclassified|	1	1	A0A1A9RU88	SRDQLVGQQVPNVTFHTR	
39	Meta-Protein 32	A0A1B1N3V5_9BACL Flagellin OS=Paenibacillus yonginensis OX=1462996 GN=AWM70_17130 PE=3 SV=1	root	UNKNOWN	UNKNOWN	UNKNOWN	UNKNOWN	Unclassified|	1	1	A0A1B1N3V5, A0A089M0J0, A0A0F7FDM6	LEHTINSLGVTSENLSAANSR	
40	Meta-Protein 33	A0A0S2ZED4_9FUSO ATP synthase subunit beta OS=Fusobacterium hwasookii ChDC F300 OX=1307444 GN=atpD PE=3 SV=1	Fusobacterium	UNKNOWN	UNKNOWN	UNKNOWN	UNKNOWN	3.6.3.14|	1	1	A0A0S2ZED4, A0A2G9E8S2, A0A2A5QMZ4, D6LHA2, A0A2C6B6C6, A0A2C6CN17, C7XPR7, A0A0S2ZSH2, X8HYY6, A0A2C6B113, A0A2D3NXF4, A0A1E9EIP2, A0A2B7YXJ7, A0A133NTD8	IPSAVGYQPNLATEMGALQER	
41	Meta-Protein 34	X8HZ95_9FUSO Delta-aminolevulinic acid dehydratase OS=Fusobacterium sp. OBRC1 OX=1032505 GN=hemB PE=3 SV=1	Fusobacterium	UNKNOWN	UNKNOWN	UNKNOWN	UNKNOWN	Unclassified|	1	1	X8HZ95, F9ENR8, F7L156, A0A2G7HAX1, A0A2A5QK45, A0A0M4RG23, A0A1E9EDP5, A0A0S2ZUU2, A0A0S2ZG97, A0A2A5AYL6, A0A241Q0K1, A0A095WIB2, A0A0D5NLL4, A0A133P1E6, A0A2C5ZGZ5, A0A0M1VRU6, A0A2B7YUD0, A0A2D3PQV0	YSSAYYGPFR	
42	Meta-Protein 35	X8HSP1_9FUSO Peptidase S24-like protein OS=Fusobacterium sp. CM1 OX=936561 GN=HMPREF1498_1484 PE=4 SV=1	root	UNKNOWN	UNKNOWN	UNKNOWN	UNKNOWN	Unclassified|	1	1	X8HSP1, A0A2A5QJ38, A0A0M5MBH7, D4CSA6, A0A133P772, A0A2G9EHR0, X8GUI4, A0A2D3P590, A0A1E9E7N0, A0A2B7YHS0, D6LJK9, A0A2G9EC90, A0A223AUZ8	IYVVTYNDEGYIKR	
43	Meta-Protein 36	A0A134C649_9FIRM Putative selenium metabolism hydrolase OS=Veillonella dispar OX=39778 GN=HMPREF1867_00487 PE=4 SV=1	root	UNKNOWN	UNKNOWN	UNKNOWN	UNKNOWN	Unclassified|	1	2	A0A134C649, D6KNW0, E4LC03, D1BNJ4, W1UW49, F9N4T1, W3Y4I7, A0A239ZGX4, A0A134C882, D6KIQ5, D1YS94, W1WA84	GTVTTSQIFYTSPSR	
44	Meta-Protein 37	A0A2A5QND7_FUSNU Uncharacterized protein OS=Fusobacterium nucleatum OX=851 GN=CQA79_00840 PE=4 SV=1	root	UNKNOWN	UNKNOWN	UNKNOWN	UNKNOWN	Unclassified|	1	9	A0A2A5QND7, A0A241Q399, X8HUA6, A0A2C6CKA4, X7RYI2, Q47903, C7XRU1, A0A1Z3CEA4, A0A2C6C1F1, A0A0S2ZIS9, A0A1S1MIP4, A0A2C6B4N9, Q8RHY1, A0A2G9E442, A0A2C6C8Y2, A0A1F0DXS3, R5WZH9, A0A0M4SRU8, A0A2C6AVG8, X8GSP9, A0A0S2ZWE3, F9ER64, A5TV43, Q47905, A0A223AVX1, A0A0S2ZK89, A0A2B7YWN3, A0A246EGF2, J8VLC2, A0A2G7HBA2, A0A2B7YFC8, Q47904, A0A1E9EE79	VVEYVEKPVIVYR	
45	Meta-Protein 38	X8HJU5_9FIRM 50S ribosomal protein L13 OS=Veillonella sp. ICM51a OX=936591 GN=rplM PE=3 SV=1	root	UNKNOWN	UNKNOWN	UNKNOWN	UNKNOWN	Unclassified|	1	2	X8HJU5, E4LBH0, D6KK83, A0A133S5L7	LNVYAGPEHPHAAQKPEVLEISVR	
46	Meta-Protein 39	A0A134BSJ5_9FIRM Aspartate-semialdehyde dehydrogenase OS=Veillonella parvula OX=29466 GN=asd PE=3 SV=1	Veillonella	UNKNOWN	UNKNOWN	UNKNOWN	K00133|	1.2.1.11|	1	2	A0A134BSJ5, A0A2I1TIR6, T0UEL2, D6KMY6, D1BMK3	ILHDETIQVVPTTVR	
47	Meta-Protein 40	A0A2G9EAA3_9FUSO Formate C-acetyltransferase OS=Fusobacterium periodonticum OX=860 GN=pflB PE=4 SV=1	root	UNKNOWN	UNKNOWN	UNKNOWN	UNKNOWN	Unclassified|	1	2	A0A2G9EAA3, A0A1B1N0K7, A0A162KUY8, E5BH29, D6LFD8, A0A2C6C1W0, A0A2D3NSN1, A0A246EFS4, A0A2A5QN02, A5TT81, A0A2D3PDX1, A0A0K2JCP1, A0A0X8JUS5, A0A2B7YKK6, A0A134AEI8, A0A1Z3CEU0, J8V3K7, A0A2C6BJ02, A0A095WLE4, A0A2D3P2R9, A0A0S2ZD31, A0A0S2ZPX2, D4CWI1, A0A2D3PK51, A0A2G9EIH6	HTGIITGLPDAYGR	
48	Meta-Protein 41	A0A246EJF3_FUSNP Uncharacterized protein OS=Fusobacterium nucleatum subsp. polymorphum OX=76857 GN=CA839_10035 PE=4 SV=1	root	UNKNOWN	UNKNOWN	UNKNOWN	UNKNOWN	Unclassified|	1	1	A0A246EJF3, A0A2C6B1J1, A0A1Z3CLP9	NYPYAFAGHDFAR	
49	Meta-Protein 42	A0A081QNZ1_STRMT Isoleucine--tRNA ligase OS=Streptococcus mitis OX=28037 GN=ileS PE=3 SV=1	root	UNKNOWN	UNKNOWN	UNKNOWN	UNKNOWN	Unclassified|	1	1	A0A081QNZ1, A0A095ZDY9, A0A0E2IV62, A0A081R4J1, A0A081PZZ4, A0A060RGV3, A0A0B7M6P3, A0A098ZAB1, A0A0F2DAU0, A0A0A0DFG4, A0A081QXC5, A0A024DDL2, A0A081JIY8, A0A081Q4Z8	LWVTSVDSSNDVR	
50	Meta-Protein 43	A0A0M1VWG5_FUSNV Uncharacterized protein OS=Fusobacterium nucleatum subsp. vincentii 4_1_13 OX=469606 GN=FSCG_01744 PE=4 SV=1	root	UNKNOWN	UNKNOWN	UNKNOWN	UNKNOWN	Unclassified|	1	4	A0A0M1VWG5, A0A2C6A1T4, A0A2D3P5K0, G6C5E3, A0A2G9E7Z3, A0A117MVY0, A0A1E9EE05, A0A2D3NZX7, A0A0S2ZJE5, A0A0S2ZJ40, D6LIE1, A0A2G9E411, A0A223AW68, D5RCQ9, A0A095WHM6, A0A2G9FF54, A0A2D3JLN4	HQFQMAALAIVMGGHVR	
51	Meta-Protein 44	C7EMP1_FUSNU Deoxyuridine 5'-triphosphate nucleotidohydrolase (Fragment) OS=Fusobacterium nucleatum OX=851 PE=3 SV=1	root	UNKNOWN	UNKNOWN	UNKNOWN	UNKNOWN	Unclassified|	1	1	C7EMP1, A0A2A5QJF0, A0A1E9EPZ5, C7EMN9, G6C522, A0A0M4RKE6, A0A0S2ZEQ9, A0A2C6ALP1, A0A2G9EHQ1, A0A2D3PRW2, A0A2B7YV86, F7KYL8, A0A2G9E9G9, A0A0S1YTS9, A0A2C6B0Z2, A0A2C6CHE3, A0A2B7YM62, C7EMP0	VAIPEGYEIQVRPR	
52	Meta-Protein 45	A0A089I3P8_9BACL Fructose-1,6-bisphosphate aldolase OS=Paenibacillus sp. FSL H7-0357 OX=1536774 GN=H70357_11740 PE=4 SV=1	root	UNKNOWN	UNKNOWN	UNKNOWN	UNKNOWN	Unclassified|	1	1	A0A089I3P8, G6C471, A0A2D3PIW6, A0A2A5QNA8, D4CT37, A0A2C6CE79, A0A1S1MKN4, A0A223AWV0, J8S3K7, A0A241Q424, A0A2C6BGK8, A0A095YNK5, A0A1E9EJH5, A0A2C6B150, A0A1Z3CFG2, A0A133NVU9, K1GGD9, A0A2G9EJ66, A0A0S2ZDG6, A0A2B7YNQ8, A0A2D3P1D5, A0A2C6B2F1, A0A033UCL5, A0A0S1YVA8, A0A226ITA3, A0A0E2ECF8, A0A2G9E987, A0A2D3PTV7, D6LH21, A0A0S2ZPL8, A0A0E2E2X5, F9EQ05, A0A095ZNJ4, A0A0Q7FK89, T1YE39, A0A0U3FDB7, U2KCD0, A0A081P4R8, A0A077UMD6, A0A010YBT8, A0A1Z4BKN1, A0A0A6Y2G8, A0A0B2F7H7, A0A0M1VUI3, C9MY64, E7RUS4	GFIAALDQSGGSTPK	
53	Meta-Protein 46	A0A2J6PBZ9_HAEPA Periplasmic nitrate reductase subunit alpha OS=Haemophilus parainfluenzae OX=729 GN=CJ219_00830 PE=4 SV=1	root	UNKNOWN	UNKNOWN	UNKNOWN	UNKNOWN	Unclassified|	1	1	A0A2J6PBZ9, A0A1S1FIT5, A0A1R0EGC9	GTIPTVPGYAAVQQSR	
54	Meta-Protein 225	A0A2C6BDC2_FUSNP Uncharacterized protein (Fragment) OS=Fusobacterium nucleatum subsp. polymorphum OX=76857 GN=CBG54_13900 PE=4 SV=1	root	UNKNOWN	UNKNOWN	UNKNOWN	UNKNOWN	Unclassified|	1	2	A0A2C6BDC2	VKEVQEPIVGFDVSAGVRPK	
55	Meta-Protein 47	A0A095ZJT2_9BACT Phosphoenolpyruvate carboxykinase (ATP) OS=Prevotella buccalis DNF00853 OX=1401074 GN=pckA PE=3 SV=1	root	UNKNOWN	UNKNOWN	UNKNOWN	UNKNOWN	Unclassified|	1	1	A0A095ZJT2, R6AHL4, D8DZS4, A0A255S8U3, A0A096CTC7, U2KQG3, A0A098YU56, A0A255SS06, G5GD03	VINLDKESEPDIYGAIKR	
56	Meta-Protein 48	A0A0X3Y279_FUSNC Uncharacterized protein OS=Fusobacterium nucleatum subsp. nucleatum OX=76856 GN=RO03_06265 PE=4 SV=1	root	UNKNOWN	UNKNOWN	UNKNOWN	UNKNOWN	Unclassified|	1	1	A0A0X3Y279, A0A246EHG0, A0A1F0DT05, A0A0S2ZEM6, A0A2C6AQV9, A0A2B7YC69	TELTSGTFMPMNADDGAHYGINIK	
57	Meta-Protein 49	A0A2D3NQS8_9FUSO Pyruvate-flavodoxin oxidoreductase OS=Fusobacterium periodonticum OX=860 GN=nifJ PE=3 SV=1	root	UNKNOWN	UNKNOWN	UNKNOWN	UNKNOWN	Unclassified|	1	1	A0A2D3NQS8, A0A095YNM0, A0A2G9EJ85, A0A2D3PIV7, A0A2D3PRA9, A0A2G9EBD2, A0A2D3NXM4	SIFYDKENAPVIVGGR	
58	Meta-Protein 226	A0A101GGG1_9BACT Elongation factor Tu OS=Bacteroidetes bacterium 38_7 OX=1635292 GN=tuf PE=3 SV=1	root	UNKNOWN	UNKNOWN	UNKNOWN	UNKNOWN	Unclassified|	1	1	A0A101GGG1	TGDPVEIIGLGAEKLKSVVTGVEMFR	
59	Meta-Protein 227	A0A2C6C8E0_FUSNP Uncharacterized protein OS=Fusobacterium nucleatum subsp. polymorphum OX=76857 GN=CBG59_02385 PE=4 SV=1	root	UNKNOWN	UNKNOWN	UNKNOWN	UNKNOWN	Unclassified|	1	1	A0A2C6C8E0	AIELNPNNASYFNNR	
60	Meta-Protein 50	C0DX71_EIKCO ABC transporter, substrate-binding protein OS=Eikenella corrodens ATCC 23834 OX=546274 GN=EIKCOROL_01975 PE=3 SV=1	root	UNKNOWN	UNKNOWN	UNKNOWN	UNKNOWN	Unclassified|	1	1	C0DX71, A0A1A9RRH3, A0A1A9RHG9, V7IDN2, A0A1A9RL31	VNVSNLVGPDQDAHAYNLTSR	
61	Meta-Protein 51	A0A246EIW7_FUSNP S-layer protein OS=Fusobacterium nucleatum subsp. polymorphum OX=76857 GN=CA839_01425 PE=4 SV=1	root	UNKNOWN	UNKNOWN	UNKNOWN	UNKNOWN	Unclassified|	1	1	A0A246EIW7, A0A241Q4F4, A0A0S2ZU95, A0A2C6CMU6, A0A2A5QJ90, U7TSV1, A0A2C6BGV1, A0A2C6CL96, A0A2C6CDV3, A0A1F0E2J8, A0A1Z3CN46, A5TW57	KLELVGNAYISSGNDNISGPK	
62	Meta-Protein 52	T0U7Y0_9FIRM Threonine dehydratase OS=Veillonella parvula HSIVP1 OX=1316254 GN=HSIVP1_708 PE=4 SV=1	root	UNKNOWN	UNKNOWN	UNKNOWN	UNKNOWN	4.3.1.15|	1	1	T0U7Y0, A0A0U2VKE8, E3GN49, A0A1V0LY29, A0A1H0R0E6, D6KNW1, W1UZY2, D1YS95, A0A134C211, E4LC04	LKEEFGQATFFTATDGNHGR	
63	Meta-Protein 53	A0A2J6P7W7_HAEPA Uncharacterized protein OS=Haemophilus parainfluenzae OX=729 GN=CJ219_09845 PE=4 SV=1	Haemophilus parainfluenzae ATCC 33392	UNKNOWN	UNKNOWN	UNKNOWN	UNKNOWN	Unclassified|	1	1	A0A2J6P7W7, F0ETY0, A0A1B8T6Q4, A0A1S1FU38	ASGQNSNAFGSQANALGTSSLAVGTGAQAK	
64	Meta-Protein 54	A0A1B8QWW0_9PAST 2',3'-cyclic-nucleotide 2'-phosphodiesterase OS=Haemophilus sp. CCUG 60358 OX=1859695 GN=A9500_04365 PE=3 SV=1	Haemophilus	UNKNOWN	UNKNOWN	UNKNOWN	UNKNOWN	Unclassified|	1	1	A0A1B8QWW0, A0A1R0E7M1, A0A1F0UHS8, J5HQR4, A0A1S1FW24, F0EQS3, A0A1B8T2J9, A0A1R0E8D7	ATTESDAELTALLKPVHEATR	
65	Meta-Protein 55	A0A095WMC8_9FUSO Electron transfer flavoprotein beta subunit OS=Fusobacterium periodonticum 2_1_31 OX=469599 GN=FSAG_000080 PE=4 SV=1	root	UNKNOWN	UNKNOWN	UNKNOWN	UNKNOWN	Unclassified|	1	1	A0A095WMC8, G6C586	KIENIDLIVAGR	
66	Meta-Protein 56	A0A0M4SBQ9_FUSNU Uncharacterized protein OS=Fusobacterium nucleatum subsp. animalis OX=76859 GN=RN98_00815 PE=4 SV=1	root	UNKNOWN	UNKNOWN	UNKNOWN	UNKNOWN	Unclassified|	1	1	A0A0M4SBQ9, A0A0S2ZR87, A0A2C6C3W0, A0A1S1M9V6, A0A2C6B1G2, A0A101K534, X8I8T2, D5RE13, A0A1Z3CJM4, A0A1E9EE89, A0A241Q4S9, A0A0M1VXD2, F7L3D8, A0A2B7YG79	KYDIDIVSIGNGTASR	
67	Meta-Protein 57	G6C6E7_9FUSO Pyruvate kinase OS=Fusobacterium sp. oral taxon 370 str. F0437 OX=861452 GN=HMPREF9093_02160 PE=3 SV=1	Fusobacterium	UNKNOWN	UNKNOWN	UNKNOWN	UNKNOWN	2.7.1.40|	1	1	G6C6E7, A0A2D3NVP7, D4CUI2	FTFTTDQSVIGNSER	
68	Meta-Protein 228	I6XN43_PSEPQ Pyrroline-5-carboxylate reductase OS=Pseudopropionibacterium propionicum (strain F0230a) OX=767029 GN=proC PE=3 SV=1	Propionibacterium propionicum F0230a	UNKNOWN	UNKNOWN	UNKNOWN	K00286|	1.5.1.2|	1	1	I6XN43	VTSPAGTTAAALRVLDERAVR	
69	Meta-Protein 58	A0A1F8L5T7_9CHLR Lysine 2,3-aminomutase OS=Chloroflexi bacterium GWB2_54_36 OX=1797613 GN=A2X24_12335 PE=4 SV=1	root	UNKNOWN	UNKNOWN	UNKNOWN	UNKNOWN	Unclassified|	2	4	A0A1F8L5T7, D6LID9, A0A2C6CA18, A0A2D3PQ85, A0A1V6JI60, A0A2D3P5S1, A0A0A2FF46, K1GMD6, A0A0S2ZJ04, A0A0S2ZJF0, D4CST8, A0A099WZ45, A0A1G6IF33, A0A1G0PM24, A0A0A2DRI8, A0A1V6C3A9, A0A2B7YET7, C7XS27, A0A133NKT1, A0A017H343, A0A1E9EE34, A0A2D3JLM9, A0A1S1MIY7, A0A0T8D607, A0A2C6B5P7, A0A1F3LWI7, A0A246EGD0, A0A1C0ZZD1, H1HFH8, A0A0C3RE20, A0A095WI10, A0A1Y3W1I9, A0A0P9DLK2, A0A081NXN5, A0A1Z3CGB1, A0A0Q9QPN8, A0A0Q7K6V4, A0A0U0GG02, A0A1F3GD16, A0A0A2EG14, A0A1J9VM48, A0A2B0X7T5, A0A2C6BSW0, A0A223AVW2, Q8RHX4, A0A2G9FF62, A0A2D3NPU1, D6BED6, A0A2A5QNF5, H1PTL9, A0A099X1S5, A0A0E8TP54, A0A0T8PXI2, A0A1E9J022, A0A250LWQ9	GHTSGYAVPTFVVDAPGGGGKLREIPHVEIIR	
70	Meta-Protein 229	Q48R75_STRPM Collagen-like surface protein A OS=Streptococcus pyogenes serotype M28 (strain MGAS6180) OX=319701 GN=sclA PE=4 SV=1	Streptococcus pyogenes MGAS6180	UNKNOWN	UNKNOWN	UNKNOWN	UNKNOWN	Unclassified|	1	1	Q48R75	GEKGDIGATGAQGPQGEAGKDGAPGEK	
71	Meta-Protein 59	A0A095WKA4_9FUSO 3-oxoacyl-[acyl-carrier-protein] synthase 2 OS=Fusobacterium periodonticum 2_1_31 OX=469599 GN=FSAG_000875 PE=3 SV=1	Fusobacterium	UNKNOWN	UNKNOWN	UNKNOWN	UNKNOWN	2.3.1.179|	1	2	A0A095WKA4, U7TWY2, A0A2C6BM23, A0A1Z3CFC3, A0A1F0E510, A5TSV7, A0A2G9E9C3, X8I9M8, A0A2G9EIY9, A0A2D3PIN6, A0A0S2ZQ65, A0A223AVS8, A0A2A5QHV0, X7RXS7, A0A0M5MAL4, A0A0S2ZRE1, A0A2D3LZ96, D6LE80, D4CY99	GATGHGLGAAGGIEGVIIAK	
72	Meta-Protein 60	A0A0T8AAU3_STREE 30S ribosomal protein S2 OS=Streptococcus pneumoniae OX=1313 GN=rpsB PE=3 SV=1	root	UNKNOWN	UNKNOWN	UNKNOWN	UNKNOWN	Unclassified|	3	3	A0A0T8AAU3, F5W1C0, F0FH88, A0A0F2E7E2, A0A111DKC5, A0A1E8UVG5, A0A139Q4J9, A0A139Q2J8, F7JQS7, A0A133MZI6, A0A098M7H4, A0A0B8QHB4, A0A139P036, A0A133RVW0, A0A174AXD5, A0A0F2CVH0, A0A166THN6, E5V197, A0A1F8LM48, F2BV23, A0A1L8SC30, A0A0Z8DN63, F9HF69, A8AZP1, A0A139PF94, A0A0C1HUT7, A0A1E9HB17, A0A139NP53, E8JWL6, A0A0T8WHX0, F0FQS3, A0A0Y1Z5N2, A0A239T0R5, A0A1V2U816, F4FUG2, H1LZK1, A0A1G5HRG9, A0A127TTW0, A0A1I5U8X1, A0A095ZDX1, U2QVR1, A0A0T8UCD4, A0A0E2MX13, A3CQW3, A0A090ZFD0, A0A0T7ZN15, F0IJK1, D4FQB4, A0A0E4H676, A0A0D3V9Z7, A0A1I2S3X3, G5GH19, C8NES1, D0WR48, A0A1I1YBT8, A0A1I1YD65, A0A134C4X3, A0A0U0IEA1, A0A089LYW6, A0A1K1QPW4, A0A0R2G235, A0A087QCP6, A0A089QBV9, Q03MW7, S4AUT8, I0QJG0, F3ADE4, F8LGG4, A0A1B4XQD8, A0A0C2RC00, A0A1C3ST83, A0A0Y1WXQ5, A0A0E2UCU3, A0A0T8B629, A0A0V7YEH0, A0A1H2Q3I1, A0A1V0PDK3, A0A1G7TSS0, A0A089HRG7, A0A095XWC2, A0A134BWY5, A0A2I1TIJ0, A0A0R1FY33, A0A015L4G3, A0A0R1WKQ3, A0A2J8B1F2, A0A0B8TQU4, G5IUL4, A0A162GBY3, D0BK99, E4LCU1, A0A239YZ14, A0A133S580, F3B402, D1YR20, A0A1G4VII2, F3A0M8, A0A0D0SBJ2, A0A089KVT5, A0A0B8QYF0, Q5M6G5, A0A0A0DHD2, A0A139PAA6, A0A0E2ITE0, A0A0D1BGK3, I0SEK3, A0A1H9D9I3, A0A0H1RJZ8, A0A1I2P0T1, A0A096AN69, A0A123TWW3, A0A139MIR2, D6GRX9, A0A1Q8E794, A0A242IVC3, A0A075SJB3, A0A033V7A7, E6LGW8, F3AKS3, A0A0R1Z341, A0A0E2EP87, A0A0D1AV66, A0A139NGY5, A0A072EHT4, A0A0U0AMJ0, A0A0W7V838, A0A0A6S397, A0A133ZV74, A0A0E1XER6, A0A135YTV4, A0A0E2Q5G6, A0A0U0FHX5, A0A139PMG6	KLGIPVVAMVDTNTDPDDIDVIIPANDDAIR, KLGIPVVAMVDTNTDPDDIDVIIPSNDDAIRQLLEAGVHFGHQTR	
73	Meta-Protein 61	A0A081JFK2_STRMC Phosphoglycerate kinase OS=Streptococcus macedonicus OX=59310 GN=pgk PE=3 SV=1	Streptococcus	UNKNOWN	UNKNOWN	UNKNOWN	UNKNOWN	Unclassified|	1	3	A0A081JFK2, A0A0C1K435, A0A139N9K1, A3CKQ4, A0A139NPY0, A0A095ZQP8, A0A081QHU6, A0A0F3HV05, A0A1C2CXF9, A0A139QG11, A0A1S1GYZ1, A0A1F0NHB8, A0A098ZCA1, A0A1C7CL08, A0A074IT74, F0HZ29, A0A2J9X6J2, A0A139MJR5, A0A0B7GIL4, A0A0D1BFN4, A0A0D1BAP3, G6A676, A0A0E2ER17, A0A0A0DLY4, A0A0E2EKC3, A0A2G9VAY5, A0A0D0YQJ4, A0A139PFW3, A0A0M4KLJ2, A0A1F0B1E5, A0A0F2CZB6, A0A0E2UAG2, F9P816, A0A0E2IR07, A0A0F2CCG6, A0A0P6S6C5, A0A081Q7F5, A0A081R024, A0A0F3HKI0	SIIGGGDSAAAAINLGR	
74	Meta-Protein 62	D5RBQ3_FUSN2 Adenylate kinase OS=Fusobacterium nucleatum subsp. nucleatum (strain ATCC 23726 / VPI 4351) OX=525283 GN=adk PE=3 SV=1	root	UNKNOWN	UNKNOWN	UNKNOWN	UNKNOWN	Unclassified|	1	1	D5RBQ3, A0A0S2ZSJ7, A0A2G7H910, A0A0M4SPU0, A0A1Z3CHR8, A0A0X3Y2X0, A0A1S1MEI7, A0A2C6AZV5, A0A2C6C0H3	VIALNVPDKDIIER	
75	Meta-Protein 63	A0A139NHI9_9STRE 30S ribosomal protein S11 OS=Streptococcus sp. DD12 OX=1777880 GN=rpsK PE=3 SV=1	root	UNKNOWN	UNKNOWN	UNKNOWN	UNKNOWN	Unclassified|	1	1	A0A139NHI9, A0A172QA39, A0A133RX92, A0A0P6S9I9, A4VYR7, A0A139NML5, A0A0T9AHC9, A0A1H0SAI9, A0A0Y1VYB8, A0A239SWY0	ALAAAGLEVTAIR	
76	Meta-Protein 64	A0A2C6AWV4_FUSNP DAK2 domain fusion protein YloV OS=Fusobacterium nucleatum subsp. polymorphum OX=76857 GN=CA840_03750 PE=4 SV=1	root	UNKNOWN	UNKNOWN	UNKNOWN	UNKNOWN	Unclassified|	1	1	A0A2C6AWV4, A0A2C6BTJ7, A0A246EHW0, X8HH58, A0A2C6BKU5, A0A1Z3CLE1, A0A2C6CKT0, A0A2C6BFA7	YTNDNTLAITIVR	
77	Meta-Protein 230	C2M1T2_CAPGI Exonuclease SbcCD, C subunit OS=Capnocytophaga gingivalis OX=553178 GN=CAPGI0001_1820 PE=4 SV=1	Capnocytophaga gingivalis ATCC 33624	UNKNOWN	UNKNOWN	UNKNOWN	UNKNOWN	Unclassified|	1	1	C2M1T2	ENIEKEKDILR	
78	Meta-Protein 65	A0A2G7H7U8_FUSNV Uncharacterized protein OS=Fusobacterium nucleatum subsp. vincentii OX=155615 GN=CS399_01280 PE=4 SV=1	root	UNKNOWN	UNKNOWN	UNKNOWN	UNKNOWN	Unclassified|	1	2	A0A2G7H7U8, A0A2B7YQE7, A0A2A5QP41, X8HSW9, A0A2C6AVI9, A0A241Q4E9, J8V399, C7XPE2, A0A2D3JMM3, A5TU23, A0A2C6BHH1, U7ST31, A0A0S2ZE74, X8GX61, A0A2B7YQJ1, A0A246EJ06, A0A0S2ZP93, A0A0S1YY87, U7TVD0	SSLDASLTGSYNLYR	
79	Meta-Protein 231	X8GUX5_9FUSO Uncharacterized protein (Fragment) OS=Fusobacterium sp. CM22 OX=936563 GN=HMPREF1500_0121 PE=4 SV=1	Fusobacterium sp. CM22	UNKNOWN	UNKNOWN	UNKNOWN	UNKNOWN	Unclassified|	1	3	X8GUX5	TDVQLGNINVNGSNNYGFR	
80	Meta-Protein 66	E6KX38_9PAST Chaperone protein DnaK OS=Aggregatibacter segnis ATCC 33393 OX=888057 GN=dnaK PE=2 SV=1	root	UNKNOWN	UNKNOWN	UNKNOWN	UNKNOWN	Unclassified|	4	4	E6KX38, A0A059XSY1, U1R159, A0A059XN14, A0A1C7BX40, C6EMX7, A0A1V4AZR0, A0A0A3YW62, A0A0E1J8M1, A0A142FYJ2, A0A0T5XG07, P71331, A0A1S1FQ93, A0A1F0UGP7, A0A0F5EUN4, A0A060VDK0, A0A265QQV9, Q0I3V2, A6T4F4, A0A0K3VX71, A0A1R0EAZ0, A0A1R0ED63, F0ESQ3, F9Q7Q8, A0A1B8R0A8, A0A0K1N4A0, A0A2J9PSM4, A0A2J6PAC4, A0A0N1WK63, A0A1B8T6U8	AAIESALSDLEAAVKGEDK, AKIELSSAQQTDVNLPYITADATGPK, IELSSAQQTDVNLPYITADATGPKVALSDAGLSASQVDDVILVGGQTR	
81	Meta-Protein 232	C8NES0_9LACT Elongation factor Ts OS=Granulicatella adiacens ATCC 49175 OX=638301 GN=tsf PE=3 SV=1	Granulicatella adiacens ATCC 49175	UNKNOWN	UNKNOWN	UNKNOWN	UNKNOWN	Unclassified|	1	1	C8NES0	IAAEGITNVLVEGNR	
82	Meta-Protein 67	D0BM05_9LACT 30S ribosomal protein S5 OS=Granulicatella elegans ATCC 700633 OX=626369 GN=rpsE PE=3 SV=1	Granulicatella	UNKNOWN	UNKNOWN	UNKNOWN	UNKNOWN	Unclassified|	1	1	D0BM05, C8NH07	NLIEVPTSGSTIPHEVIGR	
83	Meta-Protein 68	A0A0Z8P8U0_STRSU Aldehyde dehydrogenase OS=Streptococcus suis OX=1307 GN=adhE_3 PE=4 SV=1	root	UNKNOWN	UNKNOWN	UNKNOWN	UNKNOWN	Unclassified|	1	1	A0A0Z8P8U0, A0A1E7E3T3, E8KR82, F3UQ91, A0A239SMP7, A0A0E4CTC4, A0A1D2K2K3, F2BT45, A0A090ZJE7, A0A0B7GJ86, A0A1E7EBN8, F0FF34, A0A1D2KQX0, A3CLB5, A0A1E5YZU2, A0A0E1Y813, F0FRN2, F3SJF1, J4Q3D7	AAYSSGTPAIGVGPGNGPAFIER	
84	Meta-Protein 69	A0A0S2ZHV5_9FUSO Uncharacterized protein OS=Fusobacterium hwasookii ChDC F300 OX=1307444 GN=RN97_09845 PE=3 SV=1	root	UNKNOWN	UNKNOWN	UNKNOWN	UNKNOWN	Unclassified|	1	2	A0A0S2ZHV5, A0A2A5QI71, A0A0S2ZHR6, A0A0S2ZWV4, A0A0S2ZQE2, A0A241Q4Z8, A5TS76, A5TT73, A0A0S2ZWQ8, A0A0S2ZCR5, A0A2C5ZFF6, A0A2C6C3C3, X7RVB9, A0A0S2ZSC0, A0A0S2ZW41	LLEFGLTEDR	
85	Meta-Protein 70	F0EQS0_HAEPA Orn/Lys/Arg decarboxylase, major domain protein OS=Haemophilus parainfluenzae ATCC 33392 OX=888828 GN=speF PE=4 SV=1	root	UNKNOWN	UNKNOWN	UNKNOWN	UNKNOWN	4.1.1.17|	2	3	F0EQS0, A0A2J6P8Y6, A0A110M5M2, A0A1R0E7T0, A0A1B8T2W7, A0A1S1FTU2	KATLPEYALNPHDANIEFVRTDFTDVSAIVLTSGDVGDYLER	
86	Meta-Protein 71	A0A139PQ42_STROR 2,3,4,5-tetrahydropyridine-2,6-dicarboxylate N-acetyltransferase OS=Streptococcus oralis OX=1303 GN=dapH PE=3 SV=1	root	UNKNOWN	UNKNOWN	UNKNOWN	UNKNOWN	Unclassified|	1	1	A0A139PQ42, A0A0T7ZXT3, A0A081Q7Z9, E8KLT3, F9E336, A0A1X1JVR7, A0A096BC17, A0A139MJK1, E6J2Q3, A0A0F2D5M8, A0A0F3HNR5, A0A081PTX3, A0A0A0DIT0, A0A1F0NGC4, A0A1E9DPE3, A0A0F2DZR8	NSHVGAGAVLAGVIEPASAEPVR	
87	Meta-Protein 72	B0USK4_HISS2 Aspartate ammonia-lyase OS=Histophilus somni (strain 2336) OX=228400 GN=HSM_0765 PE=3 SV=1	root	UNKNOWN	UNKNOWN	UNKNOWN	UNKNOWN	Unclassified|	4	10	B0USK4, A0A0M3GAV6, A0A0K9L2T1, A0A1R0EE60, A0A120SF90, A0A1B8P924, A0A1B8PE01, A0A0M3G1M1, A0A0M1GMW4, F9GXG4, A0A0H3PGC8, A0A121XQI1, A0A0Y7NHT2, A0A1V4AZE2, U1S955, F9Q6N7, A0A0E1SQT9, E6KVB2, A0A0K1N058, A0A0N1WIY5, S2WND7, A0A2J9PR19, A0A1B8QXA2, A0A2J6PC23, A0A142G0I3, A0A1S1FK53	DVPADAYWGIHTLR, EVPADAYWGIHTLR, KGEYNILDPMDHVNASQSTNDAYPTGFRKGEYNVINPMDHVNASQSTNDAYPTGFR	
88	Meta-Protein 73	A0A095YLZ8_9FUSO Xaa-Pro aminopeptidase OS=Fusobacterium periodonticum 2_1_31 OX=469599 GN=FSAG_001077 PE=4 SV=1	root	UNKNOWN	UNKNOWN	UNKNOWN	UNKNOWN	Unclassified|	1	3	A0A095YLZ8, A0A2D3NYI8, A0A1E9EEE8, A0A133P1K3, D4CSW7, A0A2D3NPP6, A0A1F0E5W6, A0A2D3PQ34, A0A0S2ZGC1, A0A2G9E7Y5, D6LIG7, A0A2C6AZ70, A0A1Z3CHX8, A0A2C6B0A1, A0A1S1MEC1, A0A2G9EGD1, F9ENS4, R5WZA9, A0A2D3PXT4, A0A2B7YKY4, A0A2D3PFZ3, A0A2A5QL50, A0A2C6C0T2, G6C2Y7, A0A0S2ZME1, A0A246ECW6, A0A101K6F3	LEVGMIVTNEPGAYIEGSHGIR	
89	Meta-Protein 74	A0A134C9E5_9FIRM 50S ribosomal protein L4 OS=Veillonella dispar OX=39778 GN=rplD PE=3 SV=1	Veillonella	UNKNOWN	UNKNOWN	UNKNOWN	UNKNOWN	Unclassified|	1	2	A0A134C9E5, W3Y4Y1, W1UYW4, D6KQK9	VLFITEGDVNVER	
90	Meta-Protein 75	A0A2D3M056_9FUSO Uncharacterized protein OS=Fusobacterium periodonticum OX=860 GN=CTM64_09065 PE=3 SV=1	root	UNKNOWN	UNKNOWN	UNKNOWN	UNKNOWN	Unclassified|	1	1	A0A2D3M056, A0A2G9EF75, A0A2D3PK66, A0A2G9E7X1, A0A2D3NWF1, A0A2D3PBF4, K1GIX2, A0A2G9E7V0, A0A2D3PQ78, K1GME6, A0A2D3P4T7, A0A2D3M005, A0A2D3PK11, A0A2D3P0X2, D6LG69, A0A2D3NM74, A0A095WMA9, A0A2D3PHB3, A0A2D3NQS2, K1GL42, A0A2D3PFZ7, A0A095WHK4	LIEFGLPEDR	
91	Meta-Protein 76	A0A2D3NXS7_9FUSO LuxR family transcriptional regulator OS=Fusobacterium periodonticum OX=860 GN=CTM72_11245 PE=4 SV=1	root	UNKNOWN	UNKNOWN	UNKNOWN	UNKNOWN	Unclassified|	1	1	A0A2D3NXS7, A0A0S2ZEG4, A0A2D3PET4, A0A2D3P9B5, A0A2D3NSZ4, D4CSD2, A0A0S2ZP15, A0A2D3PRL3, A0A2D3PWF7, A0A2C6B3C7, A0A2D3PIW3	YFSNLDPQPNNTITTEIASGR	
92	Meta-Protein 77	A0A139QBK6_STRMT 30S ribosomal protein S7 OS=Streptococcus mitis OX=28037 GN=rpsG PE=3 SV=1	root	UNKNOWN	UNKNOWN	UNKNOWN	UNKNOWN	Unclassified|	1	1	A0A139QBK6, A0A0F2DVW3, Q97SQ4, A0A1F0ZV62, A0A0E7N8D6, A0A0E2P897	RDVLPDPLYNSQLVTR	
93	Meta-Protein 78	E7N9U4_9ACTO Fructose-bisphosphate aldolase, class II (Fragment) OS=Actinomyces sp. oral taxon 171 str. F0337 OX=706439 GN=fbaA PE=3 SV=1	root	UNKNOWN	UNKNOWN	UNKNOWN	UNKNOWN	Unclassified|	1	1	E7N9U4, A0A0X8K114, A0A1Q8VNJ8, F9PH71, A0A1Q8HWS8, A0A1Q8VE72, F3P9H1, U1QKK4	SSPFDLVMHGGSGSTDEEIATAVR	
94	Meta-Protein 79	A0A2D3NY26_9FUSO Galactose/methyl galactoside import ATP-binding protein MglA OS=Fusobacterium periodonticum OX=860 GN=mglA PE=3 SV=1	root	UNKNOWN	UNKNOWN	UNKNOWN	UNKNOWN	Unclassified|	1	1	A0A2D3NY26, A0A2D3LZ52, A0A2C5ZG45, D6LEC3, A0A2B7YNU0, A0A2G9EIU9, J8S547, D4CY55, A0A0S2ZEM3	VIVMDEPTSSLTEKEVDHLFR	
95	Meta-Protein 80	D0RSQ1_9STRE Uncharacterized protein OS=Streptococcus sp. 2_1_36FAA OX=469609 GN=HMPREF0847_00322 PE=4 SV=1	root	UNKNOWN	UNKNOWN	UNKNOWN	UNKNOWN	Unclassified|	1	1	D0RSQ1, E8K6J9, W1VHF6, A0A0M3SM10, A0A1F0KDK9, A0A1F1A461, A0A0F2CCH6, A0A139N691, A0A1F0AZ52, E7S9M6, A0A1F2GAK5, A0A1F0Y2D0, A0A127TT94, A0A0F3H9M2, F9HGI6, A0A134DAN3, A0A0F3HUT3	VIDSQLSEHQAEGMLEGYVLTGR	
96	Meta-Protein 81	A0A1A9RDY4_EIKCO Peptidoglycan-binding protein LysM OS=Eikenella corrodens OX=539 GN=A7P90_10765 PE=4 SV=1	root	UNKNOWN	UNKNOWN	UNKNOWN	UNKNOWN	Unclassified|	1	1	A0A1A9RDY4, A0A254MMB7, V7IEA8, A0A1A9RD27	IVDVLDGISEAGR	
97	Meta-Protein 82	A0A2A5QNA5_FUSNU GTPase Der OS=Fusobacterium nucleatum OX=851 GN=der PE=3 SV=1	root	UNKNOWN	UNKNOWN	UNKNOWN	UNKNOWN	Unclassified|	3	3	A0A2A5QNA5, A0A2D3PXA8, A0A095WJ31, A0A0M1VW66, K1GJ90, A0A133NCU3, A0A2D3PJM3, A0A2G9EFQ0, A0A0S2ZS27, A0A2D3PQN8, A0A101K731, A0A011ULT2, A0A2G9F7C7, A0A0S2ZCV6, C7XRJ7, A0A2G7HAF3, A0A1F0E352, A0A246EG31, X8HE89, U7TZE3, A0A0M4RQF7, A0A2D3PFL1, A0A1E9E9W5, A0A2D3LZH8, A0A1Z3CFE2, J8S5I7, A0A0S2ZQL3	IAIVDDLPGVTR, LALVDDLPGVTRSGLNPLDDEIAYILR	
98	Meta-Protein 233	A0A1V2AVK2_9BACT Cell surface protein OS=[Flexibacter] sp. ATCC 35208 OX=1936242 GN=BW716_32390 PE=4 SV=1	root	UNKNOWN	UNKNOWN	UNKNOWN	UNKNOWN	Unclassified|	1	1	A0A1V2AVK2	TSPVKLDDNTLSDWDTISTYVVTPPASETYFKK	
99	Meta-Protein 234	RS19_AGGAC 30S ribosomal protein S19 OS=Aggregatibacter actinomycetemcomitans OX=714 GN=rpsS PE=3 SV=2	Aggregatibacter actinomycetemcomitans	UNKNOWN	UNKNOWN	UNKNOWN	UNKNOWN	Unclassified|	1	1	P67897	SMIIPSMIGLTIAVHNGR	
100	Meta-Protein 235	A0A0E2BSB1_LACCA ATP synthase subunit alpha OS=Lactobacillus casei A2-362 OX=1051653 GN=atpA PE=3 SV=1	root	UNKNOWN	UNKNOWN	UNKNOWN	UNKNOWN	Unclassified|	1	1	A0A0E2BSB1	LDLASFRELEAFTQFGSDLDAATQAKLNR	
101	Meta-Protein 83	A0A2B7YSH7_FUSNU Serine--tRNA ligase OS=Fusobacterium nucleatum subsp. animalis OX=76859 GN=serS PE=3 SV=1	Fusobacterium	UNKNOWN	UNKNOWN	UNKNOWN	UNKNOWN	6.1.1.11|	1	1	A0A2B7YSH7, A0A133NND2, K1GRN3, A0A2D3M1Q7, A0A2C6AV55, A0A2D3PP77, A0A2G9ECW0, A0A2D3NVY0, A0A0S2ZHS4, A0A0S1YWQ3, A0A2C6BRJ1, Q8RH11, A0A2C6C1T0, G6C0P3, A0A2C6B4V4, A0A2B7YI18, U7TH80, A0A2G9EFA6, D4CUI6, A0A2A5QL07, D6LDF4, A0A1Z3CLW0, A0A1S1MDD1, A0A223AVF3, Q7P4R3, A0A101K565, A0A0M1VVJ6	TTDDMYLISTSEITMTNIHR	
102	Meta-Protein 84	D5RBZ8_FUSN2 Nicotinate phosphoribosyltransferase OS=Fusobacterium nucleatum subsp. nucleatum (strain ATCC 23726 / VPI 4351) OX=525283 GN=pncB PE=3 SV=1	root	UNKNOWN	UNKNOWN	UNKNOWN	UNKNOWN	Unclassified|	1	1	D5RBZ8, A0A2G9EDR4, A0A2D3PQV4, A0A0M1VUA5, A0A095XS15, Q8RGF1, D6LHI1, A0A2D3P2Z2, A0A2G9E8M2, A0A2D3NQF2, A0A223AX84, A0A1S1MP81, A0A101K5X3, A0A1E9EKA1, A0A2G7H8A4	ITLTNSLDEQLIR	
103	Meta-Protein 236	D0FM49_AGGAN Phage major capsid protein HK97 OS=Aggregatibacter aphrophilus (strain NJ8700) OX=634176 GN=Hap62p39 PE=4 SV=1	Aggregatibacter aphrophilus NJ8700	UNKNOWN	UNKNOWN	UNKNOWN	UNKNOWN	Unclassified|	1	1	D0FM49	ATITSLTTDAAGSAGALVVEHR	
104	Meta-Protein 85	A0A0D0HNQ9_HAEIF Lysine decarboxylase LdcC OS=Haemophilus influenzae OX=727 GN=cadA PE=4 SV=1	Eikenella corrodens	UNKNOWN	UNKNOWN	UNKNOWN	UNKNOWN	Unclassified|	1	2	A0A0D0HNQ9, V7IFF1, Q9Z4R7, C0DRR2, A0A1A9RKS3, A0A1A9RM34	SLTHLLMMSDITPVYLKPTR	
105	Meta-Protein 86	W1V8Y7_9FIRM Hep/Hag repeat protein (Fragment) OS=Veillonella dispar DORA_11 OX=1403949 GN=Q619_VDC00259G0001 PE=4 SV=1	root	UNKNOWN	UNKNOWN	UNKNOWN	UNKNOWN	Unclassified|	3	3	W1V8Y7, D6KJ03, W1UV32, D6KPB6, D1YLX6, A0A2I1TFC4, D1BQC9, A0A100YPJ3, F5L0X4, W3Y3Z4, A0A239Y631, T0SYV5	NYVTGLDNKEWNVQNPTITSGR, TGINAGGYQITNVQSGGDTLTNAANIGDISRVLVNGANGTVNNLTNR	
106	Meta-Protein 237	T0SVQ1_9FIRM 4-hydroxy-3-methylbut-2-enyldiphosphatereductase, SSU ribosomal protein S1p OS=Veillonella parvula HSIVP1 OX=1316254 GN=HSIVP1_234 PE=4 SV=1	Veillonella parvula HSIVP1	UNKNOWN	UNKNOWN	UNKNOWN	UNKNOWN	1.17.1.2|	1	1	T0SVQ1	MKDFAELLAAEGQEEFKK	
107	Meta-Protein 87	A0A1Q8WZW8_9ACTO Enolase OS=Actinomyces oris OX=544580 GN=eno PE=3 SV=1	root	UNKNOWN	UNKNOWN	UNKNOWN	UNKNOWN	Unclassified|	1	1	A0A1Q8WZW8, A0A1Q8XFV8, E7NBR2, A0A1Q8V7G5, A0A0X8K248, A0A1F1V4L9, A0A1Q8VEW3, A0A2I1IRP2, A0A1Q8VWU7, A0A1F1F615	IEEALGDAAVYAGAGAFPR	
108	Meta-Protein 88	E1L969_9FIRM Sirohydrochlorin cobaltochelatase OS=Veillonella atypica ACS-134-V-Col7a OX=866778 GN=cbiK PE=4 SV=1	root	UNKNOWN	UNKNOWN	UNKNOWN	UNKNOWN	Unclassified|	1	1	E1L969, A0A133S329, T0SWQ7, E1L534, S3ABU8, D1BN59, D6KNH4, L1PUH0	EDGLLIMAHGTPDPSNAYYSVIQDR	
109	Meta-Protein 89	D6LIM6_9FUSO Oligopeptide/dipeptide ABC transporter, peptide-binding protein OS=Fusobacterium periodonticum 1_1_41FAA OX=469621 GN=HMPREF0400_01591 PE=4 SV=1	Fusobacterium	UNKNOWN	UNKNOWN	UNKNOWN	UNKNOWN	Unclassified|	1	1	D6LIM6, A0A095XQZ3, K1GSM1, A0A2D3PQ20, A0A2D3NWE9	SFYSNPTVDKLLEEGR	
110	Meta-Protein 90	A0A0S2ZVV6_FUSNP Acetyltransferase OS=Fusobacterium nucleatum subsp. polymorphum OX=76857 GN=RN93_08635 PE=4 SV=1	root	UNKNOWN	UNKNOWN	UNKNOWN	UNKNOWN	Unclassified|	1	1	A0A0S2ZVV6, A0A2A5QHF2	MDIIHYEGNGFYIYDENKEILAR	
111	Meta-Protein 91	A0A0M3G5X4_HAEHA ATP synthase subunit beta OS=Haemophilus haemolyticus OX=726 GN=atpD PE=3 SV=1	root	UNKNOWN	UNKNOWN	UNKNOWN	UNKNOWN	Unclassified|	1	1	A0A0M3G5X4, A0A1V4B145, A0A1S1FTT6, E1W2U2, P43715, A0A0N1WIS6, A5UGY9, F9H6W4, Q7WUV9, F9Q8E3, A0A0K1N0W8, E7A751, A0A0M1GKF5, F0EQT3, A0A1B8QWT1, A0A2J6P8V2, A0A1R0E8B2, A0A0K9L0V2	VESGLTLEVQQQLGGGVVR	
112	Meta-Protein 92	A0A1A7TQ39_ENTFC Elongation factor G OS=Enterococcus faecium OX=1352 GN=fusA_1 PE=3 SV=1	root	UNKNOWN	UNKNOWN	UNKNOWN	UNKNOWN	Unclassified|	1	2	A0A1A7TQ39, A0A0T8EIR2, A0A095ZD13, A0A0T8C5D1, A0A0F2DYA7, A0A0C1K4Z0, A0A081Q4A3, F2C9A5, A0A0B7GSK0, A0A1E8ZSJ9, F9HFS4, A0A139PB30, A0A142UP68, A0A0Z8RP92, A0A0M9FLX4, A0A127TTR0, A0A1G6BY03, A0A0P6S0C2, A0A0Z8GHT5, A0A0N0VAR9, A0A1X1GYL6, A0A0Y1YJD4, A0A0F2CFJ7, F8LTH5, A0A1V0H0W8, A0A1E9DQT5, A0A0E2RAL0, A0A0F5MKA9, A0A1F0TGA9, A0A0A0DLY7, Q8DVV4, A0A139N4B2, A0A081JFK4, A0A1X1J0E6, A0A0E2Q0P3, A0A1H9U845, A0A0F3HY81, A0A139Q518, Q0WXG4, A0A0F2CJU8, A0A0F2CYF2, A0A1Q8E6A3, A0A139N453, A0A2K7XKM6, A0A172Q996, A0A1H0ZLV2, A0A1H0PLM2, A0A1G9NR69, A0A139MJS4, E8KLM2, B8ZKU0, B4U0V9, A0A0M2ZN12, A0A178K564, A0A0U0KRV6, F2CGL3, A0A0F2E4J2, A0A0E2UAD1, A0A1L8MLZ1, A0A1Q8EFD1, A0A2K3PYG6, A0A074IQY5, A0A166UUM4, A0A0H1RJ25, A0A1S1ZS56, A0A081QZS8, A0A2J7NVL5, A0A2G9QSI3, G5IPJ4	VNIIDTPGHVDFTIEVQR	
113	Meta-Protein 238	A0A1B8T288_HAEPA Uracil phosphoribosyltransferase OS=Haemophilus parainfluenzae OX=729 GN=upp PE=3 SV=1	root	UNKNOWN	UNKNOWN	UNKNOWN	UNKNOWN	Unclassified|	1	1	A0A1B8T288	VIIEGWNGPVEIER	
114	Meta-Protein 239	W1Q217_ABIDE Carbohydrate ABC transporter, carbohydrate-binding protein OS=Abiotrophia defectiva ATCC 49176 OX=592010 GN=GCWU000182_001624 PE=4 SV=1	Abiotrophia defectiva ATCC 49176	UNKNOWN	UNKNOWN	UNKNOWN	UNKNOWN	Unclassified|	1	2	W1Q217	LQSGDYPDVVLLAQSR	
115	Meta-Protein 93	Q7P751_FUSNV Chaperone protein DnaK OS=Fusobacterium nucleatum subsp. vincentii ATCC 49256 OX=209882 GN=dnaK PE=2 SV=1	root	UNKNOWN	UNKNOWN	UNKNOWN	UNKNOWN	Unclassified|	3	5	Q7P751, D6LHV2, G6C6U6, A0A2G9E8F0, A0A2D3PJF5, A0A2G9EDU5, A0A2D3PFG4, A0A133PBA9, A0A2C6C8H3, A0A2B7YGQ4, A0A1S1MDT3, Q8RH05, A0A2C6AW65, X8HFH1, A0A095WJ11, A0A2G7H970, A0A2D3NQA4, A0A2D3LZD7, A0A2D3PQV8, D4CU71, A0A2B7YSN4, A0A0S2ZL78, A0A223AVB8, A0A2D3JKR8, A0A1F0E163, A0A124GCK2, A0A1Z3CM99, A0A2A5QL03, A0A2C6C2Y6, A0A0S2ZHK6, A0A2C6BTP7, A0A246EH18	ASDNHSLGNFNLEGIPAAPR, DAEAYLGEEVKEAVITVPAYFTDSQRTALKDANLDANQIDEILLVGGSTR	
116	Meta-Protein 94	Q7P7X5_FUSNV D-galactose-binding protein OS=Fusobacterium nucleatum subsp. vincentii ATCC 49256 OX=209882 GN=FNV1969 PE=4 SV=1	root	UNKNOWN	UNKNOWN	UNKNOWN	UNKNOWN	Unclassified|	4	10	Q7P7X5, A0A2G9E9J5, A0A2C6CME2, A0A2D3PIR2, A0A1Z3CG75, G6C546, A0A241PYQ9, A0A2C6A8I7, J8VBV2, A0A0S2ZNT4, A0A2B7YL66, D5RD12, A0A246EF26, A0A2G9EIU0, A0A0X3Y202, A0A2C6BNK8, R9RCC7, D6LEC2, A0A223AXS6, A0A0S2ZSU7, X8IHR2, R5XKJ7, A0A2G9FAV7, F9ELH5, A0A1E9EQ69	DGVIQYVMLTGEPGHPDAVAR, ENPDLDLNKDGIIQYVMLTGEPGHPDAVAR, ENPDLDLNKDGVIQYVMLTGEPGHPDAVARKPSDEAIASYDKLYYVGIDPNAQGIAQGELIEK	
117	Meta-Protein 95	A0A1G0RK83_9BACT Elongation factor Tu OS=Ignavibacteria bacterium GWF2_33_9 OX=1798430 GN=tuf PE=3 SV=1	root	UNKNOWN	UNKNOWN	UNKNOWN	UNKNOWN	Unclassified|	2	1	A0A1G0RK83, A0A069ZJW3, A0A1C2BT97, B6YQ04, A0A0A2DQX4, A0A0M8KCM2, A0A1G0WJD4, A0A0A2GGB5, A0A1M3DD09, A0A1V5QFP8, A0A1M7M3W5, A0A099WZZ7, A0A1D3UQ89, A0A0A2FIS3, A0A117M062, A0A1H4CFA0, A0A098C298, A0A0A2F0C6, A0A1F3H1S2, A0A0A2DTG4, A0A1V5G5X8, A0A096ARH1, A0A0D8JG42	ILDEGQAGDNVGLLLRLLDEGQAGDNVGLLLR	
118	Meta-Protein 96	A0A0K2J816_9FUSO Elongation factor G OS=Leptotrichia sp. oral taxon 212 OX=712357 GN=fusA PE=3 SV=1	root	UNKNOWN	UNKNOWN	UNKNOWN	UNKNOWN	Unclassified|	3	1	A0A0K2J816, A0A1C0ZS08, A0A0Q9MY45, A0A1F4U7L9, A0A246EI16, A0A1Z3CIS9, E1LE22, A0A0A7LSY8, W1Q489, C4GDU8, A0A134B5H4, C7GZQ4, A0A1F3NH99, R9KCP7, A0A0A2EPW5, A0A2B7YTL4, A0A1E9EAA3, L1NJ59, A0A1F0DYL2, A0A2G7H8V2, A0A095XPF3, H1LYG3, A0A2C6AX58, A0A0A2HQW7, D7N760, A0A1K1QG86, A0A0H4TVY3, A0A1F4TM53, A0A2D3M1A8, A0A0K2DQR5, A0A0S1YXS5, L1MYZ1, E9RWV8, X5IYS4, A0A2C6BWV3, A0A2A5FJJ0, E5VJ99, A0A239RBB2, A0A0S2ZL79, C5NWV4, E5XIB1, D6LDN6, A0A133P3Z1, A0A241Q210, A0A0Q1B657, A0A0G4BBK5, A0A0G0W784, A0A0T5ZI06, A0A2G9EG09, F7QRW9, A0A223AUR0, E0TJQ8, A0A2D3NV56, D4CVQ4, A0A2B7YF05, Q8R602, A0A1F4TP02, A0A076HTX9, A0A2A5QHQ3, C4V6F8, C3W9C6, H7FYN6, A0A089L2N9, E4LBL7, A0A2G9ECY7, R5ZET3, A0A1G8T2Q0, F7JKQ5, A0A134AKZ3, A0A0A2DY13, G5GQF4, F7KVD4, K9D3V6, A0A099WVJ2, A0A0G0LRQ8, A0A1I3V036, A0A1H3XM57, C9LTC6, R5BSD8, A0A088MZG6, A0A0D5NK16, A0A0H4TKI7, D0BMZ4, A0A0S8FWT4, A0A1H6CYE9, D5RDY1, A0A1A5YRQ0, A0A1F8L429, A0A081NVB2, A0A0S7YGD2, D6KK38, A0A096AJJ7, C8NH27, G2SFD1, A0A0F5JMA5, A0A1F3EN86, A0A1H9DB38, A0A1Q3QBP4, A0A1I5WFD8, F3A8I6, A0A081SJQ9, A0A239ZQP2, A0A1Q6HRL2, A0A089KKA3, A0A173WQ80, A0A015MHL3, A0A1G4SXE2, A0A133ZWN8, A0A132P5J3, A0A089LPL2, A0A0V7YLE1, A0A101XXA9, T0SUV7, A0A165L9L9, U2QRC4, A0A010Q9Z5, A0A1T4NX18, A0A1C2BWE0, D7JDD5, A0A1V0XCX5, A0A133N7M4, A0A134BX07, A0A133N374, A0A089K489, A0A0C3N9R2, A0A163TP64, A0A0A2G8E1, E0I8J1, A0A0X8KBF5, A0A1I4CGY3, R9IMY4, A0A1G5BE72, A0A1G5E8L7, A0A0W8EDP6, A0A0A2GXB5, A0A1Q2T6W7, A0A101JD09, A0A1I2DYL9, A0A0A2EW40, A0A0C2UN57, K9ECY1, A0A1I2YAQ0, E5V527, A0A1G4VZ01, A0A1V5RUD0, A0A1G5VGH9, A0A1G7QKW5, F3B2T5, S2ZTH4, A0A1I6YE54, A0A1H2RM33, A0A1M6RF91, A0A109W7H1, A0A1M6DCP0, A0A098C0K7, A0A1D7ZVU9, A0A1I1YUX3, A0A1Y3WLA6, R9JVS0, R9L376, A0A095ZG37, R9J2Z4, F3A295, F3ATZ7, A0A0L8V3U8, A0A1U7LYH6, A0A069ZKB4, A0A1I2UBM8, A0A0A2G463, A0A1H4AUR9, A0A0S2I304, A0A134ACF8, A0A1T5CGR0, A0A1Y4H3J7, U7ULF8, A0A134C1G8, R5EXN6, A0A126PGP9, A0A0A2DSJ6, A0A1F3M4H7, A0A2G6F3A7, Q8KAG9, A0A1R3STH4, G5GHR4, A0A2A8CZM4, A0A1B3X5U9, R7B2R7, A0A0D0REU7, A0A1G4PQB2, A0A0S8K6D9	INIIDTPGHVDFTVEVER, INLIDTPGHVDFTVEVERLNIIDTPGHVDFTVEVER	
119	Meta-Protein 97	A0A0S2ZHC4_9FUSO Chaperone protein ClpB OS=Fusobacterium hwasookii ChDC F300 OX=1307444 GN=clpB PE=3 SV=1	root	UNKNOWN	UNKNOWN	UNKNOWN	UNKNOWN	Unclassified|	1	1	A0A0S2ZHC4, A0A1W9SFL2, A0A257L5K6, A0A0S2ZQW6, A0A0M3URU2, A0A095WFP6, A0A2C6B551, A0A2A5QKM6, A0A0S2ZKX6, A0A246EHT4, Q7P8J9, A0A2B7YSY8, X7SD13, A0A2D3NNS0, A0A133NWE3, D6LE27, J8V8Y2, D6BHS8, A0A1E9ET65, A0A2B7YF88, A0A1F0DWH9, A0A2G7H913, A0A2C6BG53, A0A1Z3CKW7, A0A2D3JLC3, A0A101K5E6, A0A0M1VWU2, C7XS18	LIGAPPGYVGYEEGGQLTEAIR	
120	Meta-Protein 98	A0A1Q6FZ11_9BACE Elongation factor Tu OS=Bacteroides sp. CAG:1060_57_27 OX=1896975 GN=tuf PE=3 SV=1	root	UNKNOWN	UNKNOWN	UNKNOWN	UNKNOWN	Unclassified|	2	3	A0A1Q6FZ11, A0A1Y3ZCC1, A0A069S0N4, A0A078RZF4, A0A015QWN3, A0A0A2EW11, A0A016CGN4, A0A015NTB1, A0A069D2P2, A0A174NSV1, C3JCX5, A0A0Q4B945	ILDQGEAGDNVGLLLRLLDQGEAGDNVGLLLR	
121	Meta-Protein 99	A0A2J6PBS9_HAEPA Porin OS=Haemophilus parainfluenzae OX=729 GN=CJ219_00575 PE=4 SV=1	root	UNKNOWN	UNKNOWN	UNKNOWN	UNKNOWN	Unclassified|	1	1	A0A2J6PBS9, A0A1B8T4J0, A0A1F0UIY4	NAYAVGALYTVGDLDAR	
122	Meta-Protein 100	E6L016_9PAST Chaperone protein ClpB OS=Aggregatibacter segnis ATCC 33393 OX=888057 GN=clpB PE=3 SV=1	root	UNKNOWN	UNKNOWN	UNKNOWN	UNKNOWN	Unclassified|	2	2	E6L016, A0A0H3PG47, A0A0F5F252, A0A0Y7M1U1, F0ES53, A0A060VJD2, A0A0D0JI57, A0A0B0VPT7, A0A1T0BBY7, A0A0K3XJI5, A0A0J2BBK4, A0A0J4N6D7, Q0I1U5, A0A210B6J8, A0A167CY39, C9R2C5, A0A0E1NWC5, A0A2J9PQW6, A0A1V4B076, A0A1B8QZ09, A0A094Y423, A0A1B8P9M0, A0A1R0EC72, A0A0M1GNL5, A0A1B8T4S8, A0A0L6ZXL4, A0A0A3Z5D7, A0A0N1WJ69, U1QLL8, A0A142G0Q3, A0A0D0III5, A0A1X3KG81, F2C040, A0A0K4SIR1, A0A0F5EV85, A0A1T0AV84, A0A0K9L3D2, A0A0K1N1G5, A0A158SV17, B0UV25, A0A0M3FVM6, A0A0E1RIF8, A0A2J6PBA1, A0A0H2Z1N5, A0A084EVU2	LVGAPPGYVGYEEGGYLTEAVRVFVDEPSVEDTIAILR	
123	Meta-Protein 101	L1M983_9BACT Elongation factor G OS=Prevotella sp. oral taxon 473 str. F0040 OX=1035197 GN=fusA PE=3 SV=1	root	UNKNOWN	UNKNOWN	UNKNOWN	UNKNOWN	Unclassified|	2	1	L1M983, A0A0G4B2E4	FNIIDTPGHVDFTAEVERFNLIDTPGHVDFTAEVER	
124	Meta-Protein 102	A0A2G9E8V1_9FUSO Dipeptidase PepV OS=Fusobacterium periodonticum OX=860 GN=CTM69_11080 PE=4 SV=1	root	UNKNOWN	UNKNOWN	UNKNOWN	UNKNOWN	Unclassified|	1	1	A0A2G9E8V1, A0A2D3P156, A0A2D3PKI1, A0A095WJD5, D6LH88, K1GX80, A0A2D3PWT5	YANNTVAFGALLPEQEDR	
125	Meta-Protein 103	A0A133NLP9_FUSNU Cupin domain protein OS=Fusobacterium nucleatum OX=851 GN=HMPREF3221_01979 PE=4 SV=1	root	UNKNOWN	UNKNOWN	UNKNOWN	UNKNOWN	Unclassified|	1	2	A0A133NLP9, A0A2G9F5I7, A0A1S1MFU2, U7T6M7, A0A140PPI7, F7KZK8, J8VJ00, A0A0S1YY97, A0A2A5QPD8, A0A2D3JJB9, A0A0S2ZQJ8, X8HWX1, A0A0K2JDI0, A0A0M4RYS6, A0A2G7HA51	KGESAVLPANIPHAVEAVENFK	
126	Meta-Protein 104	A0A133S0F7_9FIRM Uncharacterized protein OS=Veillonella atypica OX=39777 GN=HMPREF3233_01875 PE=4 SV=1	root	UNKNOWN	UNKNOWN	UNKNOWN	UNKNOWN	Unclassified|	1	4	A0A133S0F7, A0A239YN78, A0A134BUX1, D1BLI2, D1YQR0, W1UZE4, J4JFS8, W3Y3E3, A0A2I1TEJ1, A0A1V0X9N4, A0A100YMY9, A0A133S0C1, A0A133S2G1, A0A134BUK2, D6KS94, A0A2I1TEG9, A0A134BS06, A0A239YNU6, D6KS95, D1BLI3, X8H3Q3, A0A100YN03, A0A134BTG0, A0A100YMZ0, A0A134BUX2, T0T762, E4LG90, A0A133S0B4, D1YQQ9, C4FRN4, A0A134BRI7, T0T750	LADEFSNELNNLGVR	
127	Meta-Protein 105	F0EU33_HAEPA Metal ABC transporter, nickel uptake transporter (NiT) family, periplasmic substrate-binding protein OS=Haemophilus parainfluenzae ATCC 33392 OX=888828 GN=cbiK PE=4 SV=1	root	UNKNOWN	UNKNOWN	UNKNOWN	UNKNOWN	Unclassified|	1	1	F0EU33, A0A1F0UIB9, A0A1R0E666, A0A1S1FL41	EGEAHFAAPDAAIAFIR	
128	Meta-Protein 106	A0A2D3PYN2_9FUSO Adenylate kinase OS=Fusobacterium periodonticum OX=860 GN=adk PE=3 SV=1	root	UNKNOWN	UNKNOWN	UNKNOWN	UNKNOWN	Unclassified|	2	3	A0A2D3PYN2, A0A2C6B3X7, A0A0S2ZQ72, A0A2B7YM19, J8V3R3, A0A2D3LYB3, G6C559, D6LEA9, A0A0S2ZDW5, A0A095XTM1, A0A2A5QP35, A0A2G9EL76	KFMDAGQLVPDEVVNGLVEERVIALNVPDADIIER	
129	Meta-Protein 107	A0A1Z3CKQ8_FUSNP GlcNAc transferase OS=Fusobacterium nucleatum subsp. polymorphum OX=76857 GN=CBG50_10125 PE=4 SV=1	root	UNKNOWN	UNKNOWN	UNKNOWN	UNKNOWN	Unclassified|	1	1	A0A1Z3CKQ8, A0A1F0E4Z2, A0A2C6BJN8, X7RW94, A0A2C6BGV7, X8HDR7, A0A2C6BU60, A0A0S1YXI1, A0A0S2ZHA9, A0A246EJG5, A0A0S2ZKV9, A0A241Q587	LGRDDEWLNTEIGVNLGR	
130	Meta-Protein 108	A0A1R0EA98_HAEPA Enolase OS=Haemophilus parainfluenzae OX=729 GN=eno PE=3 SV=1	root	UNKNOWN	UNKNOWN	UNKNOWN	UNKNOWN	Unclassified|	1	1	A0A1R0EA98, A0A2J9PQU2, A0A0K1N0E9, E6L027, A0A0N1WJ62, A0A0A3YZC2, F9Q6C8, A0A1V4B2T3, A0A1R0E9B3, A0A084EXF1, E1W241, A5UI73, I2NKA1, A0A112W6C6, A0A142FZX2, C9R2L2, U1S8A0, A0A0M3FX76, A0A1B8T5D9, A0A1B8PHL1, A0A0H4HRF6, A0A0F5EYZ3, A0A1B8QWG4, A0A0E1WW96, A0A0K9L7E3	GNPTVEAEVHLEGGFVGLAAAPSGASTGSR	
131	Meta-Protein 240	A0A1J0LK11_9FLAO 3-oxoacyl-[acyl-carrier-protein] synthase 2 OS=Flavobacteriaceae bacterium UJ101 OX=1150389 GN=fabF PE=3 SV=1	root	UNKNOWN	UNKNOWN	UNKNOWN	UNKNOWN	Unclassified|	1	1	A0A1J0LK11	IYAELAGGGMSADAYHITAPHPEGLGAIAVMK	
132	Meta-Protein 109	A0A2C6C9H1_FUSNP Tryptophanase OS=Fusobacterium nucleatum subsp. polymorphum OX=76857 GN=CBG59_04465 PE=4 SV=1	root	UNKNOWN	UNKNOWN	UNKNOWN	UNKNOWN	Unclassified|	2	2	A0A2C6C9H1, A0A2G9E5N9, D6BHC3, A0A2G9E8K6, R5WYY1, F9EL54, A0A2D3PFE5, A0A133P1B8, U7T457, A0A095WJB4, A0A223AW20, A0A1E9EUL0, D6LHH1, A0A2D3NXC6, A0A2D3LZ54, A0A0M4RW42, A0A2D3PWZ1	GHESFAGEGFSIELIRGHESFAGEGFSLELIR	
133	Meta-Protein 110	D1YPY0_9FIRM Malate/L-lactate dehydrogenase OS=Veillonella parvula ATCC 17745 OX=686660 GN=HMPREF1035_0802 PE=3 SV=1	root	UNKNOWN	UNKNOWN	UNKNOWN	UNKNOWN	Unclassified|	1	1	D1YPY0, A0A134C4D9, A0A239ZTD8, E1L4A0, D6KQB6, E1LA77, E4LFN7, L1PY80	ATPDGWAVNKDGVPSTDAAEVLGNISR	
134	Meta-Protein 111	E8JWR2_STRCR 60 kDa chaperonin OS=Streptococcus cristatus ATCC 51100 OX=889201 GN=groL PE=3 SV=1	root	UNKNOWN	UNKNOWN	UNKNOWN	UNKNOWN	Unclassified|	1	2	E8JWR2, A0A1C2CWY3, A0A0H1RQW0, A0A0E7S289, A0A0V8API7, A0A1V0PJ87, A0A081PTQ4, F0IP79, A0A0F3H9P8, A0A0Z8GRT6, A0A0F2CQ46, A0A0E2IR57, A0A0Z8JQ27, A0A139MIV6, A0A081QI04, E2FB32, A0A123U8M5, A0A081SDB3, A0A0V8BBP7, A0A139N572, A0A072EJ33, A0A0V8E1J3, A0A081Q447, A0A1S1H3R6, A0A0F2CZU1, A0A0Z8HZB8, A0A132Z3A5, A0A0M9FLL5, A0A1F1ES70, E2FB28, E2FB30, A0A239SV35, A0A074IZP9, A0A2A5SUD2, A0A0M4K272, A0A0Z8CRG1, A0A081PP59, C8NGQ8, A0A084ACE2, F3UPM6, N0CF34, A0A139NIL0, A0A139QGL1, A0A0B8R5D8, A0A0F3HQ99, E2FB34, A8AZE1, A0A095ZBZ7, A9QLG4, A0A024DCK8, A0A0F2CKH9	TNDIAGDGTTTATVLTQAIVR	
135	Meta-Protein 112	A0A2C6CE02_FUSNP Tryptophanase OS=Fusobacterium nucleatum subsp. polymorphum OX=76857 GN=CBG56_02670 PE=4 SV=1	root	UNKNOWN	UNKNOWN	UNKNOWN	UNKNOWN	Unclassified|	2	4	A0A2C6CE02, A0A2C6CA53, A0A0M1VXH5, A0A0S1YXI4, A0A0S2ZL53, A0A101K5G1, A0A0S2ZHI4, C7XS20, A0A246EI14, A0A2C6AX66, X8GYL8, A0A1Z3CJE0, A0A241Q1V8, A5TRW0	GHETFAGEGFSIELIRGHETFAGEGFSLELIR	
136	Meta-Protein 113	A0A181CKB7_9NEIS Elongation factor G OS=Neisseria weaveri OX=28091 GN=fusA PE=3 SV=1	root	UNKNOWN	UNKNOWN	UNKNOWN	UNKNOWN	Unclassified|	1	1	A0A181CKB7, V9HN03, A0A136N8B7, A0A1E8S9G4, A0A1S1G9Z5, A0A1A9RER8, A0A112NNC4, A0A1V0DS72, A0A2J0Y3W0, A0A1F0AJK2, A0A1D3ETT2, A0A1D3HLN7, A0A1F1FVA3, R0W4L1, A0A254MVW9, A0A290X4Z8, F5S9B7, A0A1F1GPE0, A0A090HWV3, A0A1F1SF70, A0A0J0YQ92, A0A1A9RM11, A0A1S1CKM8, A0A1E9MX35, A0A1X3CKM4, D0WCZ5, A0A0P7JBA7, A0A1A9RQS1, A0A0P1CZR7, A0A1E9TFH5	FNIIDTPGHVDFTVEVER	
137	Meta-Protein 114	E6KY22_9PAST NAD(P) transhydrogenase subunit alpha OS=Aggregatibacter segnis ATCC 33393 OX=888057 GN=pntA PE=3 SV=1	Aggregatibacter	UNKNOWN	UNKNOWN	UNKNOWN	UNKNOWN	1.6.1.2|	1	1	E6KY22, U1SAF8	DQAFVAAGAKVGDAAQVWQADIIF	
138	Meta-Protein 241	A0A1A9RGB0_EIKCO 50S ribosomal protein L25 OS=Eikenella corrodens OX=539 GN=rplY PE=3 SV=1	root	UNKNOWN	UNKNOWN	UNKNOWN	UNKNOWN	Unclassified|	1	2	A0A1A9RGB0	VVAGDVLHLSDIQYPEGVESTSLR	
139	Meta-Protein 115	A0A1E9XTD5_9STRE Glucose-1-phosphate thymidylyltransferase OS=Streptococcus sp. HMSC034B05 OX=1715022 GN=HMPREF2542_05970 PE=3 SV=1	Streptococcus	UNKNOWN	UNKNOWN	UNKNOWN	UNKNOWN	2.7.7.24|	1	1	A0A1E9XTD5, G6A318, F2BRA1, A0A2I1ZD92, A0A0F3HM37, A0A0F2CSQ2, A0A1Q8EAG7, A0A0F2CI93, A0A1Q8EE41, A0A1E9DU92, A0A0A0DFP4, D0RTW2, A0A0B7GP46	DILIISTPTDLPR	
140	Meta-Protein 116	A0A0M3SM72_STRGN Amylase-binding protein OS=Streptococcus gordonii OX=1302 GN=A6J85_04050 PE=4 SV=1	root	UNKNOWN	UNKNOWN	UNKNOWN	UNKNOWN	Unclassified|	1	2	A0A0M3SM72, A0A139MYL5	NNDGAYYLQTQFTNADKVNEYLAQHDGEIR	
141	Meta-Protein 117	D0GKV6_9FUSO Aldehyde dehydrogenase (NAD) family protein OS=Leptotrichia goodfellowii F0264 OX=596323 GN=HMPREF0554_1537 PE=3 SV=1	root	UNKNOWN	UNKNOWN	UNKNOWN	UNKNOWN	1.2.1.-|	3	3	D0GKV6, D6LIG6, F7L162, A0A2D3NPM0, A0A2G9E7W4, A0A095XQY6, D4CSW5, A0A101K680, A0A2C6BUD1, X8HJ14, A0A1F0E7U5, A0A2A5QKS2, A0A2C6AX68, A0A2C6C7I8, A0A1E9ECU2, A0A0S2ZGD6, A0A0M4RLG6, A0A246EFF7, A0A0M1VRU5, Q8RG63, A0A2C6BHC9, R9RDL8, D6BDM8, A0A133P1M2, G6C2Y5, J8V7P6, A0A241Q0P2, A0A1S1M9C7	IADIIDENKDLLATVETMDNGKPIR, IADIIDENKELLATVETMDNGKPIRNHPDLDKLAFTGSTAVGR	
142	Meta-Protein 118	A0A1B8QUS1_9PAST Hydrogenase 2 large subunit OS=Haemophilus sp. CCUG 66565 OX=1859694 GN=A9501_08625 PE=3 SV=1	Pasteurellaceae	UNKNOWN	UNKNOWN	UNKNOWN	UNKNOWN	Unclassified|	1	1	A0A1B8QUS1, H0KD21, E6KXS8, A0A1F0UHI2, U1SAI5, A0A1R0E7U8, A0A0N1WK06, E1W315, A0A1B8QZV2, A0A1B8T230, A0A1S1FLV2, A0A0K1N3V4, A0A0M1GKZ3, H1LNA9	HAWYEDDEPLEPWAGLTRPK	
143	Meta-Protein 119	W1V992_9FIRM 50S ribosomal protein L10 OS=Veillonella dispar DORA_11 OX=1403949 GN=rplJ PE=3 SV=1	Veillonella	UNKNOWN	UNKNOWN	UNKNOWN	UNKNOWN	Unclassified|	1	2	W1V992, T0T1X0, A0A239ZQN9	IAANELNLEGFSEHLEGPTALATSKDDAVAPAR	
144	Meta-Protein 120	X8I4J3_9FUSO Putative D-2-hydroxyisocaproate dehydrogenase OS=Fusobacterium sp. CM1 OX=936561 GN=HMPREF1498_2273 PE=3 SV=1	root	UNKNOWN	UNKNOWN	UNKNOWN	UNKNOWN	Unclassified|	1	1	X8I4J3, A0A2G9EGL8, A0A0S2ZMC1, X8HJP5, A0A0S2ZGD3, A0A2A5QK60, A0A223AZB9, A0A2D3PTV6, A0A2D3P4F4, A0A2C6AXZ2, A0A0M4SPB9, A0A1S1ME25, A0A0M1VRX3, A0A1E9ECY1, R9RAN0, A0A2D3JHJ8	VLVTPHVGSYTDEAASNMIETSLENLK	
145	Meta-Protein 121	E1LAM2_9FIRM 50S ribosomal protein L10 OS=Veillonella atypica ACS-134-V-Col7a OX=866778 GN=rplJ PE=3 SV=1	Veillonella	UNKNOWN	UNKNOWN	UNKNOWN	UNKNOWN	Unclassified|	1	1	E1LAM2, L1PU56, E4LBM7	IAANELNLEGFSEHLEGPTALATSKEDAVAPAR	
146	Meta-Protein 122	D6BCX6_FUSNU Peptidase M20 OS=Fusobacterium nucleatum subsp. animalis D11 OX=556264 GN=PSAG_00058 PE=4 SV=1	Fusobacterium	UNKNOWN	UNKNOWN	UNKNOWN	UNKNOWN	Unclassified|	1	1	D6BCX6, J8V5C0, A0A2G9EJ07, A0A2C6CB59, A0A2C6C6F0, A0A2G9E999, X8HI78, A0A2D3PRI4, A0A2G9E326	ETHVGESFNGIDPNEISSAIMTR	
147	Meta-Protein 123	A0A139P528_9STRE Acetate kinase OS=Streptococcus sp. DD11 OX=1777879 GN=ackA PE=3 SV=1	root	UNKNOWN	UNKNOWN	UNKNOWN	UNKNOWN	2.7.2.1|	1	2	A0A139P528, F3SKF0, E3CER6, F0HYS1, A0A0F2E1E5, A0A0B7LXB8, A0A0F5MP70, A0A1Q8E649, A0A081R1B6, A0A127TUM6, A0A0B7GI09, A0A1F2GFT0, A0A0F2CG41, A0A0B7LVZ0, A0A139MMV9, A0A0C1HJV9, F0IPB4, A0A081QIM2, E8K821, A0A0E2EQ92, A0A0F2CKY8, A0A081Q7Q8, A0A0A0DFE3, E8KS40, A0A075SFQ0, A0A0F2DHR4, A0A1F0ZTA2, F0FFZ0, F2BTJ8, A0A064BYH9, D0RXT2, F9E3Z1, A0A0M4JTK4, A0A0E2IR20, A0A134DCY5, F3V040, A0A0F3HPY8, A0A0F2DRT8, I0SAW1	VLVIPTDEELVIAR	
148	Meta-Protein 124	F3A4H1_9BACL Uncharacterized protein OS=Gemella haemolysans M341 OX=562981 GN=HMPREF0428_01629 PE=4 SV=1	root	UNKNOWN	UNKNOWN	UNKNOWN	UNKNOWN	Unclassified|	1	1	F3A4H1, F3A711, E5V4S8	GVVMVLTGTDANGVQIGEFGSSEGELER	
149	Meta-Protein 125	A0A1A9R967_EIKCO Serine hydroxymethyltransferase OS=Eikenella corrodens OX=539 GN=glyA PE=3 SV=1	Eikenella corrodens CC92I	UNKNOWN	UNKNOWN	UNKNOWN	UNKNOWN	Unclassified|	1	1	A0A1A9R967, V7IGT8, A0A1A9RSP1, A0A254MLZ6	LANLVADVLDKPEDEANLAR	
150	Meta-Protein 126	A0A2C6BU30_FUSNP Flavocytochrome c OS=Fusobacterium nucleatum subsp. polymorphum OX=76857 GN=CBG54_09900 PE=4 SV=1	root	UNKNOWN	UNKNOWN	UNKNOWN	UNKNOWN	Unclassified|	2	4	A0A2C6BU30, A0A246EJC5, A0A1F0DYZ5, A0A2A5QMT8, A0A0S2ZK57, A0A0S2ZHY7, A0A0S2ZRD4, A0A1E9ESW0, A0A2C6ARK4, A0A223AWE4, A0A2C6B2M9, A0A133NZC1, A0A1Z3CKT8, A0A0M1VXL9, A0A1S1MIM5, H1HGD2, A0A0M3URL0, A0A101K5D8, D5RE27, U7SZL5	SAFLVFDEGIRTELLGGNTNYATAGLNAAGTK	
151	Meta-Protein 127	E6KYH7_9PAST Outer membrane protein P5 OS=Aggregatibacter segnis ATCC 33393 OX=888057 GN=hagA PE=3 SV=1	Aggregatibacter	UNKNOWN	UNKNOWN	UNKNOWN	UNKNOWN	Unclassified|	1	3	E6KYH7, U1S9R7	GSYPVLADLDVYGR	
152	Meta-Protein 128	A0A241Q4P8_FUSNP Uncharacterized protein OS=Fusobacterium nucleatum subsp. polymorphum OX=76857 GN=CA836_06435 PE=4 SV=1	root	UNKNOWN	UNKNOWN	UNKNOWN	UNKNOWN	Unclassified|	1	1	A0A241Q4P8, A0A246EJC8, A0A0S2ZKU0, J8V9H9, A0A2B7YHC0, A0A2C6B2M1, X8GUH2, A0A0D6FEX6, A0A2A5QIY1, A0A0S2ZHE3, A0A2C6BUC3	TEDGKEFTLVVAADGATATLTDAEGK	
153	Meta-Protein 129	A0A0Y2BHS1_STREE Enolase OS=Streptococcus pneumoniae OX=1313 GN=eno PE=3 SV=1	root	UNKNOWN	UNKNOWN	UNKNOWN	UNKNOWN	4.2.1.11|	3	1	A0A0Y2BHS1, A0A1Q8DCA8, A0A2K0G5S8, F2C6N9, A0A1E8UPV9, A0A0E2Q474, A0A133Q6X4, A0A139MQ08, A0A2I8KZM3, A0A033UZY9, A0A096A298, A0A0G7HAW3, A0A0U0CE57, W1Q478, B5E4P1, C5QQF0, S4DM25, A0A0Z8HN69, A0A0E1VE67, A0A0T7K4I8, A0A100GPC0, E5G5C1, G5ITI7, E5G5B5, K0GZF7, A8AY46, A0A1I1UU46, A0A1A9E010, A0A134D9M2, A0A139NMK9, A0A139MBU8, A0A0T9ACW8, A0A1G9AA11, A0A174EZV7, A0A0E2UFA7, A0A1F0ZY04, A0A1S1H1A7, A0A0U2TUU2, E5G5A6, D0RVQ2, A0A0V7YLL4, A0A2I1ZBV7, A0A1F0B0L3, A0A1G6CR95, P64081, A0A1X1KPB8, A0A1X1K2J6, A0A081JGD4, A0A0F2CNT5, A0A139RNI8, A0A095ZHX1, A0A139P7A9, A0A1G1SFA1, A0A0F2DWC3, A0A0H1GN41, A0A1L8MPN9, A0A139NLL1, E1LKY0, A0A110G413, A0A1A7T862, S0JCK0, A0A081QYJ6, A0A0T7IE38, A0A133CMW8, A0A178KJ02, A0A2I1TU62, A0A1X1IS63, A0A081QQC5, A0A2I2A0F0, A0A095ZBH3, A0A0C1K6H9, E5G5B2, E5G5D0, Q8RP81, A0A1Q6FA04, A0A0I8YWW8, A3CMA7, A0A1Q8REJ0, A0A0F5MHM2, A0A127TSM0, N0CBG6, A0A1Y3V8T6, A0A0F3HCW2, E5G5D6, A0A1C2CKC8, A0A1Y3JD87, A0A0E1XGX0, A0A0N1J3K3, A0A0A6XYZ3, U5P8P6, A0A1S1DEF4, A0A0H1UA29, A0A0F2D2U4, A0A0A6UNV0, A0A1F1DA30, A0A0E4H567, D1VSN8, A0A242IZ01, A0A1L1LSV9, A0A081QA14, A0A0U0DXW7, A0A080NMB3, D0BNZ7, C8NGI4, A0A077UJ75	LGANAILGVSIAVAR, LGANAILGVSLAVARLGANALLGVSLAVAR	
154	Meta-Protein 130	A0A1A9RNX6_EIKCO Cupin OS=Eikenella corrodens OX=539 GN=A7P90_01960 PE=4 SV=1	root	UNKNOWN	UNKNOWN	UNKNOWN	UNKNOWN	Unclassified|	1	1	A0A1A9RNX6, A0A1A9RGL8, A0A1A9RPP8	FINFIGQLQSTAHAAPAAPAAR	
155	Meta-Protein 131	D6LG68_9FUSO Outer membrane protein (Fragment) OS=Fusobacterium periodonticum 1_1_41FAA OX=469621 GN=HMPREF0400_00717 PE=4 SV=1	Fusobacterium	UNKNOWN	UNKNOWN	UNKNOWN	UNKNOWN	Unclassified|	3	5	D6LG68, J8VFN5, A0A0S2ZLI7, A5TS75, A0A246EH53, A0A133P9Q7	INLTGTSSIGIHAEGAAHTIDNR, NSTTPYNFLDGLEQRVQATGDILDKEFNYLR	
156	Meta-Protein 132	A0A2C6BUW8_FUSNP 50S ribosomal protein L3 OS=Fusobacterium nucleatum subsp. polymorphum OX=76857 GN=rplC PE=3 SV=1	root	UNKNOWN	UNKNOWN	UNKNOWN	UNKNOWN	Unclassified|	1	1	A0A2C6BUW8, A0A2A5QKQ9, A0A246EGN1	VDVLAEVQYVDITGTSK	
157	Meta-Protein 133	A0A095WK18_9FUSO Protein translocase subunit SecA OS=Fusobacterium periodonticum 2_1_31 OX=469599 GN=secA PE=3 SV=1	root	UNKNOWN	UNKNOWN	UNKNOWN	UNKNOWN	Unclassified|	1	2	A0A095WK18, A0A2C6APF0, A0A2A5QJZ0, A0A1E9EPT1, A0A1S1MDL8, A0A0M4SS43, A0A2G7HC47, A0A246EGR4, A0A133PAY2, X8H2A1, A0A0S2ZWY6, A0A241Q2U5, A0A0S2ZIQ6, A0A2B7YP87, A0A2C6C1R6, A0A1Z3CK45	VLALGGLFILGTER	
158	Meta-Protein 134	A8AX39_STRGC Phosphate-specific transport system accessory protein PhoU OS=Streptococcus gordonii (strain Challis / ATCC 35105 / BCRC 15272 / CH1 / DL1 / V288) OX=467705 GN=SGO_1060 PE=3 SV=1	Streptococcus	UNKNOWN	UNKNOWN	UNKNOWN	UNKNOWN	Unclassified|	1	1	A8AX39, D0RTQ9, A0A0F2CIP6, A0A0F3HM83	INHYFENIQELATEEIR	
159	Meta-Protein 135	V7IDB7_EIKCO Bifunctional protein PutA OS=Eikenella corrodens CC92I OX=1073362 GN=HMPREF1177_01437 PE=3 SV=1	root	UNKNOWN	UNKNOWN	UNKNOWN	UNKNOWN	Unclassified|	1	3	V7IDB7, A0A1A9RFT6, A0A1A9RDL2	NPADHSEVVGSAAFVEAAAVPEIIAAAK	
160	Meta-Protein 136	L1PZ54_9FIRM Chaperone protein DnaK OS=Veillonella atypica KON OX=1128111 GN=dnaK PE=2 SV=1	root	UNKNOWN	UNKNOWN	UNKNOWN	UNKNOWN	Unclassified|	1	1	L1PZ54, D1YR46, E1L8M9, T0T2P1, A0A239Z1M9, A0A1V0XBV0, D6KMT9, A0A134BT09, A0A2I1TIN2, C4FQZ0, A0A134BWW5	FEELTADLVQATIEPTR	
161	Meta-Protein 137	A0A2A5QKS5_FUSNU Rubrerythrin family protein OS=Fusobacterium nucleatum OX=851 GN=CQA79_06120 PE=4 SV=1	root	UNKNOWN	UNKNOWN	UNKNOWN	UNKNOWN	Unclassified|	2	3	A0A2A5QKS5, X7S9U8, A0A246ECV1	IAKEEGYEQIAELFDITANNEKIAKEEGYEQIAELFDITANNEKEHAK	
162	Meta-Protein 138	A0A0D6GV39_FUSNP Uncharacterized protein OS=Fusobacterium nucleatum subsp. polymorphum OX=76857 GN=RN93_08580 PE=4 SV=1	root	UNKNOWN	UNKNOWN	UNKNOWN	UNKNOWN	Unclassified|	1	1	A0A0D6GV39, A0A2C6AYX3	INEIGFWEVEQTNLR	
163	Meta-Protein 139	D6KJE8_9FIRM Adenylosuccinate synthetase OS=Veillonella sp. 3_1_44 OX=457416 GN=purA PE=3 SV=1	root	UNKNOWN	UNKNOWN	UNKNOWN	K01939|	6.3.4.4|	1	2	D6KJE8, W1UZ71, A0A2I1TF26, D1BPW8, A0A134BYP6, F5L163, D6KPS1	VGAGPFPTELLNETGDNLR	
164	Meta-Protein 140	I0S9J4_STRCV Arginine deiminase OS=Streptococcus constellatus subsp. constellatus SK53 OX=1095730 GN=arcA PE=3 SV=1	root	UNKNOWN	UNKNOWN	UNKNOWN	UNKNOWN	3.5.3.6|	4	4	I0S9J4, A8AYL1, A0A1V0H301, A0A139NF84, D0RW61, A0A1F2GJH5, A0A134D7S5, V8BGD3, A0A0F3HTU2, Q9KJG1, Q8GND5, F2BTU6, A0A1S1H3V6, F3UBV8, A0A0T8SFF0, A0A0T7JTQ9, A0A0T8YCN3, N0C7B4, A0A0U0FG23, A0A0U0HZL9, A0A139MTL7, A0A0T7YLX8, A0A0U0KG37, A0A264S8Q2, A0A0U0ATW4, A0A0T8K9G3, A0A0A0DJV3, E8JUJ5, A0A2I1TV46, A0A1F0AVP1, F0I8T5, E8KQP6, A0A1E8UVV0, A3CLW6, J4Q2B1, K8MK81, A0A1F0KAD0, U5P6Y5, F0FSE2, A0A1S1EB42, A0A1F0YDB1, A0A0B7GJC8, A0A0E2IUP2, A0A0C1HW06, W1TVC9, A0A060N0S9, F9HHH3, A0A139P366, I0SBF8	EQWNDGSNTLTIAPGVVVVYDR, IVEEKGDLAEILAENLGVEK, IVEEKGDLAELLAENLGVEKYHPVYGGNVELVYNR	
165	Meta-Protein 141	A0A0M3FZU4_HAEHA Fe(3+) ions import ATP-binding protein FbpC OS=Haemophilus haemolyticus OX=726 GN=fbpC PE=3 SV=1	root	UNKNOWN	UNKNOWN	UNKNOWN	UNKNOWN	Unclassified|	1	1	A0A0M3FZU4, A0A0E1SMC5, A0A1B8T308, A0A1R0EF90, F9GMM8, A0A1B8PGW0, A0A0M3G989, A0A0E1RJX7, A0A0D0IEF9, A0A0K9L811, A0A0M1GJG3	VKEALELVDLAGFEDR	
166	Meta-Protein 242	A0A1A9RG30_EIKCO ATP synthase subunit beta OS=Eikenella corrodens OX=539 GN=atpD PE=3 SV=1	root	UNKNOWN	UNKNOWN	UNKNOWN	UNKNOWN	Unclassified|	1	2	A0A1A9RG30	LVDADLTLEVQQQLGDGVVR	
167	Meta-Protein 142	A0A2D3NUZ4_9FUSO Oxaloacetate decarboxylase OS=Fusobacterium periodonticum OX=860 GN=CTM72_05370 PE=4 SV=1	Fusobacterium	UNKNOWN	UNKNOWN	UNKNOWN	UNKNOWN	Unclassified|	1	1	A0A2D3NUZ4, D6LJI3, A0A0S2ZMH1, A0A2D3PUG6, A0A095XPM0, J8VGB3, A0A2D3PBZ5, A0A2G9EC60, A0A2D3P6C3, S4VLE4, G6C0J2, A0A2D3NQ79, A0A0S2ZGU0	AIEAGADIVDTAISPLSGGTSQPATESLVR	
168	Meta-Protein 143	A0A134C705_9FIRM Putative inorganic diphosphatase PpaC OS=Veillonella parvula OX=29466 GN=HMPREF1865_00120 PE=4 SV=1	Veillonella	UNKNOWN	UNKNOWN	UNKNOWN	UNKNOWN	Unclassified|	1	1	A0A134C705, W1V052, A0A2I1TJ00, F5KYT9, D6KN51, A0A134C228	QGELVQALEALR	
169	Meta-Protein 144	A0A1B8T1W8_HAEPA Glycerol-3-phosphate dehydrogenase OS=Haemophilus parainfluenzae OX=729 GN=BBB48_09255 PE=3 SV=1	Pasteurellaceae	UNKNOWN	UNKNOWN	UNKNOWN	UNKNOWN	Unclassified|	1	1	A0A1B8T1W8, U1QXQ0, A0A1T0AQQ1, A0A1F0ULW6, A0A223MFL5, E1W3D0, A0A1R0E5Y0	YAVDELNVNNLVDLR	
170	Meta-Protein 145	A0A2D3NM36_9FUSO Carbamoyl-phosphate synthase small chain OS=Fusobacterium periodonticum OX=860 GN=carA PE=3 SV=1	root	UNKNOWN	UNKNOWN	UNKNOWN	UNKNOWN	Unclassified|	1	1	A0A2D3NM36, A0A2G9EHG2, A0A0S1YRY2, A0A2D3LW93, X7S8R9, A0A241Q0Z3, A0A117MW68, A0A1S1MCG3, A0A0M1VXC9, A0A0S2ZLU4, A0A0S2ZGM6, A0A2B7YL76, A0A1Z3CI07, A0A0M4RWH2, A0A2C6BPX7, R9RDA8, X8GQU7	VDITSQNHGYAVDIDSLKDTDLELTHIAINDR	
171	Meta-Protein 146	E1W3E4_HAEP3 Purine nucleoside phosphorylase DeoD-type OS=Haemophilus parainfluenzae (strain T3T1) OX=862965 GN=deoD PE=3 SV=1	root	UNKNOWN	UNKNOWN	UNKNOWN	K03784|	2.4.2.1|	1	1	E1W3E4, A0A1S1FN63, A0A1B8T1X8, A0A1B8QZZ1, A0A1R0E6E8	YIAETFLEDAKEVTNVR	
172	Meta-Protein 243	A0A076J0H9_9BACE Enolase OS=Bacteroides dorei OX=357276 GN=eno PE=3 SV=1	root	UNKNOWN	UNKNOWN	UNKNOWN	UNKNOWN	Unclassified|	1	1	A0A076J0H9	EILDSRGNPTVEVDVTLESGITGRASVPSGAST	
173	Meta-Protein 244	F0F2C1_9NEIS Bacterioferritin OS=Kingella denitrificans ATCC 33394 OX=888741 GN=bfr PE=3 SV=1	Kingella denitrificans ATCC 33394	UNKNOWN	UNKNOWN	UNKNOWN	UNKNOWN	Unclassified|	1	1	F0F2C1	QLLVDQLKDTEEDHAHWLEQQLR	
174	Meta-Protein 147	A0A0B5CFC4_NEIEG 50S ribosomal protein L5 OS=Neisseria elongata subsp. glycolytica ATCC 29315 OX=546263 GN=rplE PE=3 SV=1	root	UNKNOWN	UNKNOWN	UNKNOWN	UNKNOWN	Unclassified|	1	1	A0A0B5CFC4, A0A1I2YBZ7, A0A2I1QUV1, A0A1F1SIR6, A0A125WFF6, A0A0J1C3E0, A0A1V0DS01, A0A0P7JAA3, A0A1V0G4X2, A0A1D3EKN4, A0A1X3CRN6, G2DI75	EQIIFPEIEYDKIDALR	
175	Meta-Protein 148	E8JVV7_STRCR 50S ribosomal protein L5 OS=Streptococcus cristatus ATCC 51100 OX=889201 GN=rplE PE=3 SV=1	root	UNKNOWN	UNKNOWN	UNKNOWN	K02931|	Unclassified|	1	2	E8JVV7, A4VYQ5, A3CK75, T1ZGK4, A0A0U0AEQ3, A8AZL3, A0A1E8UT65, A0A139PA46, S9RB05, A0A239SXG1, C1CAM4, A0A139NN38, F5U020, A0A0F3HU29, A0A139R9T6, A0A0N0VC50	EQLIFPEINFDDVDKTR	
176	Meta-Protein 149	A0A0S2ZVX9_FUSNP Oxaloacetate decarboxylase OS=Fusobacterium nucleatum subsp. polymorphum OX=76857 GN=CBG61_05820 PE=4 SV=1	root	UNKNOWN	UNKNOWN	UNKNOWN	UNKNOWN	Unclassified|	1	2	A0A0S2ZVX9, A0A246EIP8, A0A2C6BZV6, A0A223AZP6, Q8RDW8, A0A2C6B3I4, A0A2C6BMM1, A0A1E9ETP8, D4CS70, A0A2C5ZBK5, U7TBU8, U7TSJ7, A0A133NVX0, D5RB19, A5TY12, D6BHV3, A0A1Z3CIK1	AVEAGADIIDTAISPLSGGTSQPATESIVR	
177	Meta-Protein 150	A0A1X3CWY3_9NEIS Chaperone protein DnaK OS=Neisseria canis OX=493 GN=dnaK PE=2 SV=1	root	UNKNOWN	UNKNOWN	UNKNOWN	UNKNOWN	Unclassified|	1	2	A0A1X3CWY3, A0A0N8IE58, A0A1A9RSG9, A0A1X3DKR9, A0A1A9RSW9, A0A1X3CHA5, A0A1X3CRJ4	KDVNPDEAVALGAAIQGEVLGGGR	
178	Meta-Protein 151	A0A139NCM2_STRGN ATP-dependent 6-phosphofructokinase OS=Streptococcus gordonii OX=1302 GN=pfkA PE=3 SV=1	root	UNKNOWN	UNKNOWN	UNKNOWN	UNKNOWN	Unclassified|	1	1	A0A139NCM2, A0A1F2GGW3, A8AXW1	HNIIVLAEGVMSADEFGEK	
179	Meta-Protein 245	A0A1A9RFJ5_EIKCO Ornithine decarboxylase OS=Eikenella corrodens OX=539 GN=A7P85_02230 PE=4 SV=1	root	UNKNOWN	UNKNOWN	UNKNOWN	UNKNOWN	Unclassified|	1	1	A0A1A9RFJ5	FNNAFMIHASTSPFYPMFASLDVNAR	
180	Meta-Protein 152	A0A2J9PTJ5_AGGAP UDP-galactopyranose mutase OS=Aggregatibacter aphrophilus OX=732 GN=glf PE=4 SV=1	root	UNKNOWN	UNKNOWN	UNKNOWN	UNKNOWN	Unclassified|	1	1	A0A2J9PTJ5, A0A1S1FT66, J4UVY9, R9WMW9, A0A0K1N4E7, A0A1B8QPY6, A0A1B8T5B4	FLLVGAGFSNAVIAR	
181	Meta-Protein 153	A0A2G9E9V8_9FUSO Dihydrolipoamide acyltransferase OS=Fusobacterium periodonticum OX=860 GN=CTM69_07075 PE=4 SV=1	root	UNKNOWN	UNKNOWN	UNKNOWN	UNKNOWN	Unclassified|	1	1	A0A2G9E9V8, A0A095WJS8, A0A2D3NTB4, D6LEY8	LVFDVEVIEDGVAVGTGSHTR	
182	Meta-Protein 154	C4FSF3_9FIRM Uncharacterized protein OS=Veillonella dispar ATCC 17748 OX=546273 GN=VEIDISOL_01843 PE=4 SV=1	Veillonella	UNKNOWN	UNKNOWN	UNKNOWN	UNKNOWN	Unclassified|	1	1	C4FSF3, W1UXU8, A0A239YF26, A0A134C8N8, A0A2I1TGM4, E4LE82, W3Y081	NDLPLDEYNGFIIVTR	
183	Meta-Protein 246	A0A1G9IT53_9BACT Polyketide-type polyunsaturated fatty acid synthase PfaA OS=Siphonobacter aquaeclarae OX=563176 GN=SAMN04488090_0608 PE=4 SV=1	root	UNKNOWN	UNKNOWN	UNKNOWN	UNKNOWN	Unclassified|	1	1	A0A1G9IT53	DVMMTFLGQFQGMAPVVMPVTGTTVVPASQAPAK	
184	Meta-Protein 155	A0A2C6BA11_FUSNP Cysteine synthase A OS=Fusobacterium nucleatum subsp. polymorphum OX=76857 GN=cysK PE=4 SV=1	root	UNKNOWN	UNKNOWN	UNKNOWN	UNKNOWN	Unclassified|	3	2	A0A2C6BA11, A0A095YLF7, A0A2D3PCM3, A0A2D3PZN3, A0A2D3PM29, A0A2D3P4C2, A0A2G9ECB8, D6LJM4, A0A246EIA2, A0A2A5QLA7, A0A241Q1C2, A0A0S2ZLB3, A0A0S2ZHF7, A0A1Z3CIL8, A0A0S1YXX8, A0A2C6C2Z2, A0A2C6BIY5, U7TPW0, J8VGI4, A0A1F0DYU0, A0A2C6B4V0, A0A2C6AYF5	ASHDFGLFVGISSGANIAAAYQVAK, HSIQGIGTGFVPENYDATVVDEVIKHSIQGIGTGFVPENYDATVVDEVLK	
185	Meta-Protein 156	A0A1F0DXV6_9FUSO Diol dehydratase reactivase subunit alpha OS=Fusobacterium sp. HMSC064B11 OX=1739543 GN=HMPREF3051_07295 PE=4 SV=1	root	UNKNOWN	UNKNOWN	UNKNOWN	UNKNOWN	Unclassified|	1	2	A0A1F0DXV6, X8I4L2, A0A2C6CFX8, A0A2C6C8W3, A0A0S1YVX9, A0A241Q3F1, A0A246EG94, A0A1Z3CET7, A0A2A5QNS0, A0A2B7YJS4, A0A2C6AWB9, U7TYP0	HEDGSVQFFEETLNPSVFAR	
186	Meta-Protein 157	A0A0K9L9L4_HAEIF Purine nucleoside phosphoramidase OS=Haemophilus influenzae OX=727 GN=ABN48_04150 PE=4 SV=1	root	UNKNOWN	UNKNOWN	UNKNOWN	UNKNOWN	Unclassified|	1	1	A0A0K9L9L4, A0A265QSS1, A0A0M3G421, A0A1F0UCV3, A0A121XXK1, A0A0N1WJN2, E6KZE8, A0A0K1N370, A0A0M1GLS9	EIPANIVYQDELVTAFR	
187	Meta-Protein 158	A0A0A2E3D4_9PORP L-erythro-3,5-diaminohexanoate dehydrogenase OS=Porphyromonas macacae OX=28115 GN=HQ47_07955 PE=4 SV=1	root	UNKNOWN	UNKNOWN	UNKNOWN	UNKNOWN	Unclassified|	2	4	A0A0A2E3D4, A0A1E9EE21, A0A1S1MMD5, A0A2A5QIV3, C7XS28, A0A2D3JLS1, A0A0S2ZJQ5, A0A2G9E407, A0A2B7YY19, G6C5E4, D5RCR0, A0A2G9EEH5, A0A101K595, A0A2G9E824, A0A223AW49, A0A0S2ZIT1, A0A095YMA3, A0A2B7YGQ3, A0A2C6ARN2, A0A2G7HA97, A0A0C3MDY1, A0A0M3USM1, A0A1F3GL45, C6JK83, K1GK10, A0A1V6JI53, D6LIE0, A0A2D3LZV5, A0A0A2FUS1, A0A0A2DU70, A0A099WY57, A0A1F3LX83, H1PTM0	DITMIVGNGYTVDHAAITLEELRIATLVSLSLTPLR	
188	Meta-Protein 159	A0A1E9DQR9_9STRE Butanediol dehydrogenase OS=Streptococcus sp. HMSC062B01 OX=1739284 GN=HMPREF2780_04270 PE=3 SV=1	Streptococcus	UNKNOWN	UNKNOWN	UNKNOWN	UNKNOWN	Unclassified|	1	1	A0A1E9DQR9, J4NQ93, F3UCL1, F0I736, A0A0E2IQ94, F2BUD2, A0A0F3HVL6, A0A2I1Z8P6, A0A0B7GNY8, A0A139PCX1, F9HH09, F0IPH0, E8KR32, A3CLG0, A0A134DB26, A0A0F5MN38	VPDSLSYEQAALTEPAAVAVYAVR	
189	Meta-Protein 160	D6KNV9_9FIRM Probable carbamoyltransferase YgeW OS=Veillonella sp. 6_1_27 OX=450749 GN=HMPREF0874_00642 PE=3 SV=1	Veillonella	UNKNOWN	UNKNOWN	UNKNOWN	UNKNOWN	Unclassified|	1	2	D6KNV9, E4LC02	SDDELQGVWAVADALR	
190	Meta-Protein 161	U2S4J4_9BACL Alanine dehydrogenase OS=Gemella bergeriae ATCC 700627 OX=1321820 GN=HMPREF1983_00040 PE=3 SV=1	Gemella	UNKNOWN	UNKNOWN	UNKNOWN	UNKNOWN	Unclassified|	1	2	U2S4J4, E5V121, F3A9R9, F3A045	LLQGVPGVQPGHVVVIGAGVAGTAAATAASGLGAR	
191	Meta-Protein 162	A0A095WKC1_9FUSO HAD hydrolase, family IB OS=Fusobacterium periodonticum 2_1_31 OX=469599 GN=FSAG_000694 PE=4 SV=1	root	UNKNOWN	UNKNOWN	UNKNOWN	UNKNOWN	Unclassified|	1	1	A0A095WKC1, A0A2D3PS18, A0A2A5QK70, A0A2D3NRG3, D4CWZ6, A0A1E9EP95, A0A2D3JI93, A0A2D3NTA5, A0A0X3Y110, A0A2G7HBU2	VFFISGSPSFLVSR	
192	Meta-Protein 163	A0A1B8T269_HAEPA 50S ribosomal protein L7/L12 OS=Haemophilus parainfluenzae OX=729 GN=rplL PE=3 SV=1	root	UNKNOWN	UNKNOWN	UNKNOWN	UNKNOWN	Unclassified|	1	1	A0A1B8T269, A0A1R0EF18	FGVSAAAVAAAPAAGGAAAAAEEKTEFDVVLAEAGANK	
193	Meta-Protein 247	A0A0A2F3W3_9PORP Tetratricopeptide repeat protein OS=Porphyromonas gulae OX=111105 GN=HR08_08400 PE=4 SV=1	root	UNKNOWN	UNKNOWN	UNKNOWN	UNKNOWN	Unclassified|	1	1	A0A0A2F3W3	EQILSGAKPAIADSSAADTLSDEASLPSLKQQEGK	
194	Meta-Protein 164	A0A2D3M1A0_9FUSO Elongation factor G OS=Fusobacterium periodonticum OX=860 GN=fusA PE=4 SV=1	root	UNKNOWN	UNKNOWN	UNKNOWN	UNKNOWN	Unclassified|	1	2	A0A2D3M1A0, A0A095YKI8, K1GL53, A0A2D3PNP9, A0A2G9EGJ9, A0A2G9ECH3, D4CVS0, D6LDP1, A0A2D3NV75, A0A2D3PLG1	VLGMDHNEAGEQLLFAEVPEAEILK	
195	Meta-Protein 165	A0A0S2ZT51_FUSNP Pyridoxamine 5'-phosphate oxidase OS=Fusobacterium nucleatum subsp. polymorphum OX=76857 GN=RN93_04335 PE=4 SV=1	root	UNKNOWN	UNKNOWN	UNKNOWN	UNKNOWN	Unclassified|	1	1	A0A0S2ZT51, A0A2G9FHQ3, A0A1Z3CFV5, C7XP69, A0A2C6AYC4, A0A2C6B0B8, D5RCF9, A0A1E9EQA8, A0A0X3Y208, A0A2C6BKR9	IYDDATLIWNENTAGEIMKDIER	
196	Meta-Protein 248	A0A1X1P566_9BURK UDP-N-acetylmuramate--alanine ligase OS=Burkholderia puraquae OX=1904757 GN=B7G54_37075 PE=4 SV=1	root	UNKNOWN	UNKNOWN	UNKNOWN	UNKNOWN	Unclassified|	1	2	A0A1X1P566	MSTTTPAFSEHLFSYGTLQLEPVQLATFGRK	
197	Meta-Protein 166	F9HHS1_9STRE Dipeptidase OS=Streptococcus sp. oral taxon 056 str. F0418 OX=904294 GN=HMPREF9182_0615 PE=3 SV=1	root	UNKNOWN	UNKNOWN	UNKNOWN	UNKNOWN	Unclassified|	1	4	F9HHS1, A0A0F5MK21, A0A134D8U9, A0A139N2A5, E8JUF1, A0A0F2CK18, A0A0F2CMW6, A0A1E9DT84, A0A1V0GZF4, A0A0F3HNN9	DGLPEASLVDLALPR	
198	Meta-Protein 167	A0A2A5QMI0_FUSNU Basic amino acid ABC transporter substrate-binding protein OS=Fusobacterium nucleatum OX=851 GN=CQA79_03655 PE=4 SV=1	root	UNKNOWN	UNKNOWN	UNKNOWN	UNKNOWN	Unclassified|	1	1	A0A2A5QMI0, A0A1E9EP30, A0A0M4SS97, A0A223AYU6, A0A0M4RL66, A0A2C5ZCW9, A0A140PSP5, A0A241PZY5, A0A2C6CEE6, A0A2G9FAX9, A0A1S1MGP8, X8HFT2	QFVIANIPAEEEDYAIAFR	
199	Meta-Protein 168	A0A133NFR7_FUSNU Pyruvate, phosphate dikinase OS=Fusobacterium nucleatum OX=851 GN=HMPREF3221_02190 PE=4 SV=1	root	UNKNOWN	UNKNOWN	UNKNOWN	UNKNOWN	Unclassified|	2	2	A0A133NFR7, A0A2G7HCL0, A0A1S1MCI8, A0A1E9EP22, A0A0S2ZN61, A0A2D3JI41, A0A2C6C7T5, A0A0S2ZF68, A0A2C6AYA1, A0A2B7YIJ2, A0A1Z3CIU8, A0A2C6BG86, A5TWI6, A0A1F0E3Z6, U7TXF8, A0A2C6B143, A0A241PZV3, A0A2C6A3L6, A0A0M4RF49, A0A2G9FJI3, X8IQ94, D6BEX4, U7SSU0, A0A2A5QHV3, A0A0S1YT45, X8HN95, A0A246EDU7, A0A2C6BS61, R5WZW1	LSFVLEEEILRNPSTGENKIFGEVLLNAQGEDIVAGIR	
200	Meta-Protein 169	G6C3K3_9FUSO Urocanate hydratase OS=Fusobacterium sp. oral taxon 370 str. F0437 OX=861452 GN=HMPREF9093_01145 PE=3 SV=1	Fusobacterium	UNKNOWN	UNKNOWN	UNKNOWN	UNKNOWN	Unclassified|	2	6	G6C3K3, A0A2D3LVR7, A0A2G9EHJ9, A0A2G9EBJ2, A0A2C6BVF5, A0A2D3PW19, A0A095YRJ9, A0A0S2ZUJ8, A0A1E9EQ80, A0A2B7YIN7, A0A1F0E2S9, C7XN09, D5RDU2, A0A0S2ZN26, A0A223AYQ9, A0A246EDU0, A0A1Z3CGS6, A0A2D3PCP6, D4CV91, A0A1S1MGA5, J8V6Q5, D6LGM7, A0A2D3NW90, A0A2C6CLE1, A0A2C6CC37, Q8RFC1	YIPEEFHEMLAPEFLQELEERYQDRDNYVWIQDADKNGLVVGTQAR	
201	Meta-Protein 170	A0A081PYB6_STRMT Enoyl-CoA hydratase OS=Streptococcus mitis OX=28037 GN=AXK38_08315 PE=4 SV=1	root	UNKNOWN	UNKNOWN	UNKNOWN	UNKNOWN	Unclassified|	1	1	A0A081PYB6, A0A081QBF7, A0A1X1HVX0, A0A081PWN9, A0A1X1H418, A0A081QS61, F2QF42, A0A139P2W2, J4NR57, A0A0T7Z934, A0A081PNK5, A0A1X1G4R0, A0A081Q8M3, G6C841, A0A098ZE49, A0A1X1GGX0, A0A139PKE5, A0A081QKN4, A0A0T7ZMA9, A0A1X1G7D1	FIQAFVGVGLAPDAGGIHLLSR	
202	Meta-Protein 171	D5RCR4_FUSN2 D-Lysine 5,6-aminomutase alpha subunit OS=Fusobacterium nucleatum subsp. nucleatum (strain ATCC 23726 / VPI 4351) OX=525283 GN=kamD PE=4 SV=1	Fusobacterium	UNKNOWN	UNKNOWN	UNKNOWN	UNKNOWN	Unclassified|	1	1	D5RCR4, K1HGD8, A0A0S2ZJI3, A0A2D3P003, A0A2D3PXN3, A0A1E9EFM7, A0A1Z3CEA7, A0A2D3PK22, A0A095WHM2, A0A0S2ZJB6, A0A2A5QNJ9, A0A2C6CGR0, A0A2B7YFG9, A0A2C6AWL1, A0A2D3PQD1, A0A2D3NPT6, A0A0S2ZVR4, A0A1F0DXR5, A0A246EGC8, A0A133NGP1, J8VCK7, X8HVZ9, D6LID6	GHIQDALFNIVTITTGQK	
203	Meta-Protein 172	E6KWF5_9PAST Fumarate reductase flavoprotein subunit OS=Aggregatibacter segnis ATCC 33393 OX=888057 GN=frdA PE=3 SV=1	root	UNKNOWN	UNKNOWN	UNKNOWN	UNKNOWN	Unclassified|	3	6	E6KWF5, A0A1B8QX15, A0A0K9L7I3, A0A0M3G1V0, A0A1V2BPX5, A0A0M1GNQ9, A0A0E1SSC8, A0A1Q5Y4H0, A0A1F0UIY3, E1W3X2, F9GND9, A0A0H3PEL2, A0A1B8T4F8, A0A0D0IGT0, A0A112WKN0, A0A0E1WK94, A0A0M3GA99, A0A1B8PGG5, A0A0K1N5M9, A0A1T0B5Z1, A0A0E1J4X8, U1SB07, A0A1V3WLD1, A0A0N2CYK7, A0A0F5F0R7, A0A0T5XEZ4	FDEHFVLDILVDDGHAR, TGFHLLHTLFQTSIQYPQIIRTGFHLLHTLFQTSIQYPQIQR	
204	Meta-Protein 173	A0A1S1CJD5_9NEIS Aldehyde dehydrogenase OS=Neisseria sp. HMSC061H08 OX=1715154 GN=HMPREF2675_06035 PE=3 SV=1	root	UNKNOWN	UNKNOWN	UNKNOWN	UNKNOWN	1.2.1.-|	1	1	A0A1S1CJD5, A0A1A9RHG2, A0A1A9RPZ9, C0DY94, A0A1A9RRR7, A0A254MVR7, A0A1F1GXC0, A0A1E9N4I6, A0A154U9U0, A0A1F0GSS2, A0A1S1CY37, A0A1F0DSY2, A0A2I1QZ45, A0A154TN89, A0A220S428, C5TJ52	IADVIDENAELFALQETLDNGKPIR	
205	Meta-Protein 174	A0A2D3PF11_9FUSO Heavy metal translocating P-type ATPase OS=Fusobacterium periodonticum OX=860 GN=CTM86_06265 PE=3 SV=1	Fusobacterium	UNKNOWN	UNKNOWN	UNKNOWN	UNKNOWN	Unclassified|	1	1	A0A2D3PF11, D6LH53, A0A095WJS0, A0A1E9EQL5, A0A1Z3CG53, A0A1F0DQB9, A0A2D3PRD0, X7RY62, A0A133P1P3, A0A2D3P6T4, A0A1S1MGV3, A0A2D3LYJ4, A0A246EF40, A0A0S2ZSW9, A5TU28, U7TVE1, A0A2C6BSW8, X8HT45, A0A2C6BKL3, A0A223AXR3, A0A2G9FLJ8, A0A2G9E929, A0A0S2ZE50, A0A2D3NXL5, X8GWI5, A0A0M1VTS4, A0A2G9EL04	NYGVDDIVLLTGDLR	
206	Meta-Protein 249	A0A2I6E2D4_9ENTR Type VI secretion system tip protein VgrG OS=Enterobacter cancerogenus OX=69218 GN=CWI88_05225 PE=4 SV=1	root	UNKNOWN	UNKNOWN	UNKNOWN	UNKNOWN	Unclassified|	1	1	A0A2I6E2D4	VTGTMTARVTSAKANDIYAWQDASGLYR	
207	Meta-Protein 175	J8V3N1_9FUSO Peptide chain release factor 1 OS=Fusobacterium hwasookii ChDC F128 OX=1216362 GN=prfA PE=3 SV=1	root	UNKNOWN	UNKNOWN	UNKNOWN	UNKNOWN	Unclassified|	2	2	J8V3N1, X7S0X9, A0A2D3PUY4, K1HBB5, D6LFQ1, A0A2G9EAQ2, A0A095YQA7, A0A2D3PSQ0, A0A2A5QKB7, D4CYQ2, A0A2C6CLC8, A0A2C6B0X8, A0A0S2ZQ29, A0A223AX88, A0A0Q1FRL6, A0A2B7YNF6, D5RBT8	GGAGGDEAALFAADLFRYEELNQMLVSPEVLADSKK	
208	Meta-Protein 176	A0A2D3NYC0_9FUSO Iron(III)-binding protein OS=Fusobacterium periodonticum OX=860 GN=CTM72_10280 PE=4 SV=1	root	UNKNOWN	UNKNOWN	UNKNOWN	UNKNOWN	Unclassified|	1	1	A0A2D3NYC0, A0A2D3PJP6, A0A2A5QNA0, A0A1E9ESD3, D6LHC0, A0A0M1VUB2, A0A0S2ZPT8, X8HZC6, A0A2D3JJU0, A0A2B7YNN4, H1HEJ6, A0A2C6CE19, A0A2G9FJU3, K1GX56, A0A095WIF4, A0A2B7YX25, A0A1S1MJL9, A0A0D6FSV0, D5RBX4, A0A2D3PR53, A0A0S2ZEC0, F9EL90, G6C666, J8VHT3, A0A117MW75, A0A223AX18, A0A2C6BWB4	ATADGEYAVGVTYENPAVTLLQDGATNLK	
209	Meta-Protein 177	A0A0K1N418_AGGAP Spermidine/putrescine import ATP-binding protein PotA OS=Aggregatibacter aphrophilus OX=732 GN=potA PE=3 SV=1	root	UNKNOWN	UNKNOWN	UNKNOWN	K11072|	3.6.3.31|	1	1	A0A0K1N418, A0A2J9PL28, A0A1R0ECW6, A0A0N1WIQ1, A0A1B8T6J2, A0A1R0EBA4, F0ET96, A0A2J6PA05, E1W581	LQVLLRPEDIVIEELDENEHSNAIIGR	
210	Meta-Protein 178	X8GYT5_9FUSO PF01935 domain protein (Fragment) OS=Fusobacterium sp. CM22 OX=936563 GN=HMPREF1500_1114 PE=4 SV=1	Fusobacterium	UNKNOWN	UNKNOWN	UNKNOWN	UNKNOWN	Unclassified|	1	1	X8GYT5, J8V279, A0A0S2ZKZ3, A0A2C6C9K5, A0A2B7YFV2, A0A2D3PAQ2	NSVETFADMLAEVR	
211	Meta-Protein 179	A0A241Q4L0_FUSNP DNA helicase OS=Fusobacterium nucleatum subsp. polymorphum OX=76857 GN=CBG61_04340 PE=3 SV=1	root	UNKNOWN	UNKNOWN	UNKNOWN	UNKNOWN	Unclassified|	2	2	A0A241Q4L0, A0A2A5QM29, A0A2G7HCB8, A0A2C6BIH8, A0A223AZF2, A0A2C6BJP0, A0A0K9CMK6, A0A1E9ENN5, A0A246EIU5, F9EPC9, A0A1S1MFR9, A0A0S2ZMG4, A0A1Z3CKK6, A0A1F0DS27, A0A2G9FHV8, C7XMA2, A0A101K6F9, A0A0S2ZGR2, A0A0S1YSN5, A0A2D3JME6, A0A0M4RQ15, A0A133P5R7, J8V7D2	IAHMIENVGISPYSILAVTFTNKNSILELENVVGELR	
212	Meta-Protein 180	A0A246EHW4_FUSNP Bifunctional protein GlmU OS=Fusobacterium nucleatum subsp. polymorphum OX=76857 GN=glmU PE=3 SV=1	Fusobacterium	UNKNOWN	UNKNOWN	UNKNOWN	K04042|	2.7.7.23|2.3.1.157|	1	1	A0A246EHW4, H1HGZ8, C7XT73, A0A2B7YDH9, X8HEV7, A0A133NFG7, A0A0S1YXF8, A0A2C6AVY6, A5TS11, A0A2C6CFN5, A0A2A5QLA3, X7RW60, A0A0M1VVV6, A0A2C6BCU8, A0A2D3JLF1, A0A0S2ZIJ5, A0A2G7H9R2, A0A0K9CMC3, J8S6E9, A0A2C6C675	DYDGDVLIINGDIPLIR	
213	Meta-Protein 181	A0A2C6BHH8_FUSNP Autotransporter domain-containing protein (Fragment) OS=Fusobacterium nucleatum subsp. polymorphum OX=76857 GN=CBG54_13925 PE=4 SV=1	root	UNKNOWN	UNKNOWN	UNKNOWN	UNKNOWN	Unclassified|	10	14	A0A2C6BHH8, A0A2C6ACA5, X8HFT3, A0A2C6C3R8, A0A2C6BHS7, A0A2C6CCX8, A0A2C6AXZ5, A0A2C6BT55, A0A2G9E5G5, A0A2C6BEX6, U7T9N1, X8HCV0, A0A2G9E3I0, A0A2G9E6S8, A0A2C6ATZ3, A0A2G9E5D3, A0A2C5ZJY1, A0A2C6B1Y0, U7TL35, A0A0S2ZCU5, X7RXH5, A0A2C6B2B0, A0A246EFT2, A5TT74, A0A2C6C3N7, A0A2G9FNG5, A0A0M3USB3, A0A0S2ZRU6, A0A1Z3CER4, A0A2A5QH58, F7KY08, A0A2B7YWI9, A0A2C6ARM4, X7RV25, A0A0S2ZIQ2, A0A2C6BU65, A0A2C6AZ54	ATAFYYTGGGTLGSLGTYTQLNPTNVATWAR, INATGNILDKEFDYLR, INATGNVLDKEFDYLR, LGTTFNFGTTAIGSALIR, REVQEPIVGFDVSAGVRPK, SITGLGNLTSEADLIIGAEAAQSTTSK, SITGLGNLTSEADLIIGTEASQSTTSK, VGEVQEPIVGFDVSAGVRPK, VQATGNILDKEFDYLRYSSIGTGSNATSASSSNR	
214	Meta-Protein 182	A0A0H4HDW7_HAEDC ATP synthase subunit alpha OS=Haemophilus ducreyi OX=730 GN=atpA PE=3 SV=1	root	UNKNOWN	UNKNOWN	UNKNOWN	UNKNOWN	Unclassified|	3	3	A0A0H4HDW7, E6L0K1, A0A0H3PFR5, A0A1B8QWU3, A0A1V4B153, B8F772, A0A223MDM3, A0A1T0AZS7, A0A0K1N0W2, A0A0F5EVI9, A0A0N2P9D5, A0A1S1FW15, A0A1B8T2K9, F2BYZ3, A0A0D0HP67, A0A1B8PEQ6, F9Q8E0, A0A265QM59, H0KDH9, A0A142G0F5, A0A0F5EXT4, A0A1R0E7L9, F9GQD2, A0A2J6P8X1, A0A0M3G6T8, A0A1R0E855, E1W2U4	ELAAFAQFASDLDDATR, VVNTLGQPIDGKGEIENDGFSPVEVIAPGVIDRVVNTLGQPIDGKGEIENDGFSPVEVIAPGVIER	
215	Meta-Protein 183	A0A246EHX3_FUSNP GTPase OS=Fusobacterium nucleatum subsp. polymorphum OX=76857 GN=CA839_10350 PE=4 SV=1	root	UNKNOWN	UNKNOWN	UNKNOWN	UNKNOWN	Unclassified|	1	3	A0A246EHX3, A0A2C6CEF6, A0A2C6BIP8, F7L0W5, D4CW66, A0A2C6C863, A0A2G9EFL6, A0A2B7YH46, A0A2C6B341, X8HAI7	IFGELITLIETTKR	
216	Meta-Protein 184	A0A0E4CT30_9STRE DegV family protein OS=Streptococcus varani OX=1608583 GN=BN1356_01583 PE=4 SV=1	root	UNKNOWN	UNKNOWN	UNKNOWN	UNKNOWN	Unclassified|	2	1	A0A0E4CT30, A0A024DDR4, A0A0F2CKS2, A0A072EKE4, A0A074IZH9, A0A081Q361, A0A1V0GZM2, A0A064C1R0, A0A081R5C9, A0A081QY42, A0A1E9E314, A0A0A1DX97, A0A0C1HY78, A0A081QQZ1	VTGLISSLLNIRVTGLLSSLLNIR	
217	Meta-Protein 185	A0A0F2CP42_STRGN Phosphoenolpyruvate-protein phosphotransferase OS=Streptococcus gordonii OX=1302 GN=ptsI PE=3 SV=1	root	UNKNOWN	UNKNOWN	UNKNOWN	UNKNOWN	Unclassified|	2	2	A0A0F2CP42, A0A1E9DN43, F0INJ8, A0A1V0H2P7, Q3LSL7, A0A081Q3Y5, A0A0T8UEF8, A0A1S1CS04, F0FSL3, A0A081Q2Y8, A0A0A0DIW0, A0A139NFL7, F3SIS6, A0A0M5KF02, F3UR68, F0ITD3, A0A081SCQ1, F0FEH8, A0A111MVL2, A0A081QPW3, A0A0E2IUV4, A0A139MNE2, A0A0F3HTY3	AYLLVQPDLSFETVSVEDTNAEEARKLPNPASINEEVVVIAHDLTPSDTAQLDK	
218	Meta-Protein 186	A0A2C6C1R9_FUSNP Transketolase OS=Fusobacterium nucleatum subsp. polymorphum OX=76857 GN=CBG52_02330 PE=4 SV=1	root	UNKNOWN	UNKNOWN	UNKNOWN	UNKNOWN	Unclassified|	2	2	A0A2C6C1R9, D6LG81, A0A2G9EAY4, A0A095XV52, A0A2D3P8R4, A0A2D3PMU5, A0A2D3PT91, A0A2D3LWB7, A0A2G9EJK8, A0A2C6CE78, A0A2C6C3W1, A0A2B7YMQ6, A0A2A5QMW0, A0A133NBC7, A0A2C6B233, A0A0M1VVF9, A0A0S2ZQ43, A0A2G9FE03, A0A2B7YYF2, A0A250LQ81, A0A0D0SI07, A0A0S1YVC7, A0A2G9E3U8, A0A2D3JJW2, A0A246EFU3, A0A2C6B6B8, A0A117MW20, A0A1Z3CFR6, A0A0M4RJJ2, A0A1E9EIE7	IPFASTFAMFAAGRMVQAAAEYNGPVYLR	
219	Meta-Protein 187	K1GX44_9FUSO Pyruvate:ferredoxin (Flavodoxin) oxidoreductase OS=Fusobacterium periodonticum D10 OX=620833 GN=FPOG_01295 PE=4 SV=1	root	UNKNOWN	UNKNOWN	UNKNOWN	UNKNOWN	Unclassified|	2	4	K1GX44, A0A2G9EI01, A0A2D3NVT3, A0A2C6B2I6, A0A2B7YML6, A0A2C6BQR7, A0A2C5ZE51, A0A246EEX4, A0A2D3LWH5, A0A2D3PT56, A0A0S1YU80, A0A2C6BHN5, A0A1Z3CGL7, A0A2C6CFH2, A0A241PYP8, X7RZ54, A0A095YQS0, A0A0S2ZEB6, A0A0S2ZP45, J8VJ78, A0A2G9EB45, D6LG79, A0A2D3NM58, D4CV22, A0A2D3Q082, A0A2D3P9Y3, A0A2C6BIC0	DEPKDAFTVGIVDDVTHTSLEVGPAIALADPSTKLFIINATALAHEIGLGQR	
220	Meta-Protein 250	E6KYT6_9PAST SsrAB activated protein OS=Aggregatibacter segnis ATCC 33393 OX=888057 GN=srfB PE=4 SV=1	Aggregatibacter segnis ATCC 33393	UNKNOWN	UNKNOWN	UNKNOWN	UNKNOWN	Unclassified|	1	1	E6KYT6	VAGDDILLDIIR	
221	Meta-Protein 188	A0A2I1THU2_9FIRM Amidase OS=Veillonella parvula OX=29466 GN=CYK26_05255 PE=4 SV=1	Veillonella	UNKNOWN	UNKNOWN	UNKNOWN	UNKNOWN	Unclassified|	1	1	A0A2I1THU2, W1UW67, W1V8P8, D6KJH1	NTEGWHIVDGLIEAAEGR	
222	Meta-Protein 251	C8NEH2_9LACT Formate C-acetyltransferase OS=Granulicatella adiacens ATCC 49175 OX=638301 GN=pflB PE=4 SV=1	Granulicatella adiacens ATCC 49175	UNKNOWN	UNKNOWN	UNKNOWN	UNKNOWN	2.3.1.54|	1	2	C8NEH2	FLHTLVNLGPAPEPNLTVLWSTR	
223	Meta-Protein 252	A0A133NNG5_FUSNU Acetyl-coenzyme A carboxylase carboxyl transferase subunit alpha OS=Fusobacterium nucleatum OX=851 GN=accA PE=3 SV=1	root	UNKNOWN	UNKNOWN	UNKNOWN	UNKNOWN	Unclassified|	1	3	A0A133NNG5	VVLEAINELEKIPVDELVEKR	
224	Meta-Protein 189	F9EMF8_FUSNU Acetyl-CoA acetyltransferase OS=Fusobacterium nucleatum subsp. animalis ATCC 51191 OX=997347 GN=atoB PE=3 SV=1	root	UNKNOWN	UNKNOWN	UNKNOWN	UNKNOWN	2.3.1.16|	1	1	F9EMF8, A0A2G9FK18, X8I647	YNLKPLVEIIATGTGGVDPLIMGMGPVPAIR	
225	Meta-Protein 190	A0A2C6C5Y2_FUSNP Acetyl-coenzyme A carboxylase carboxyl transferase subunit alpha OS=Fusobacterium nucleatum subsp. polymorphum OX=76857 GN=accA PE=3 SV=1	root	UNKNOWN	UNKNOWN	UNKNOWN	UNKNOWN	Unclassified|	2	1	A0A2C6C5Y2, A0A0D6GU49, C7XSW0, Q7P853, A0A2C6AU63, A0A1E9EUJ2, A0A2B7YCM4, A0A2C6BT19, A0A0M1VXH7	VVLEAVEELEKIPVDELVEKRVVLEAVEELEKLPVDELVEKR	
226	Meta-Protein 191	D5REC7_FUSN2 Oligoendopeptidase F OS=Fusobacterium nucleatum subsp. nucleatum (strain ATCC 23726 / VPI 4351) OX=525283 GN=pepF PE=3 SV=1	root	UNKNOWN	UNKNOWN	UNKNOWN	UNKNOWN	Unclassified|	1	1	D5REC7, A0A1Z3CGL9, A0A0M1VSR7, A0A0S2ZF28, A0A2C6CCZ6, A0A0S2ZTN7, A0A241PZL3, A0A2C6BG47, X8HL51, A0A1E9EPN7, A0A246EE24, A0A2A5QKG9, A0A1S1MBY9, U7TZZ7, A5TWR3, A0A2C6CL45, A0A0S2ZNA7, A0A2C6AW78, U7TAR9, A0A133NIT9	IPHFYNSPFYVYQYATSFASSAK	
227	Meta-Protein 253	A0A1A9RJ38_EIKCO Acyl-CoA dehydrogenase OS=Eikenella corrodens OX=539 GN=A7P85_01640 PE=3 SV=1	root	UNKNOWN	UNKNOWN	UNKNOWN	UNKNOWN	Unclassified|	1	1	A0A1A9RJ38	TLLAEAQQTANELAAIEPATAEPLQR	
228	Meta-Protein 192	D6KNB2_9FIRM Tyrosine--tRNA ligase OS=Veillonella sp. 6_1_27 OX=450749 GN=tyrS PE=3 SV=1	Veillonella	UNKNOWN	UNKNOWN	UNKNOWN	UNKNOWN	Unclassified|	1	1	D6KNB2, T0SWJ6, A0A1V0XBP6, A0A2I1TJ40, A0A239Z8H1, W1WA16, E4LDA5, A0A133S377, A0A134C2V6, D1BMY7, A0A134C767	LFQEFGHQVVIVIGGFTAR	
229	Meta-Protein 193	H1LZH3_9FIRM Putative carbamoyltransferase YgeW OS=Lachnospiraceae bacterium oral taxon 082 str. F0431 OX=861454 GN=HMPREF9099_02892 PE=3 SV=1	Lachnospiraceae	UNKNOWN	UNKNOWN	UNKNOWN	UNKNOWN	Unclassified|	1	1	H1LZH3, F3B473	TDDELNAVWTVADALR	
230	Meta-Protein 194	A0A0S2ZNW8_9FUSO Acyl-CoA dehydrogenase OS=Fusobacterium hwasookii ChDC F174 OX=1307442 GN=RN87_07185 PE=3 SV=1	root	UNKNOWN	UNKNOWN	UNKNOWN	UNKNOWN	Unclassified|	2	1	A0A0S2ZNW8, A0A0M1VSK2, A0A1E9EP34, D5RDU9, U7TX78, F9ENE0, A0A2D3NU53, A0A2A5QKE9, K1HCB1, A0A017H5Q4, D4CV83, A0A2D3PTN9, A0A223AYN7, A0A2G9EBL9	AKLFAAETAMEVTTKAVQIFGGYGYTRAKLFAAETAMEVTTKAVQLFGGYGYTR	
231	Meta-Protein 195	F9EMZ2_FUSNU Glutaconyl-CoA decarboxylase subunit alpha OS=Fusobacterium nucleatum subsp. animalis ATCC 51191 OX=997347 GN=gcdA PE=4 SV=1	root	UNKNOWN	UNKNOWN	UNKNOWN	UNKNOWN	4.1.1.70|	1	1	F9EMZ2, A0A1Z3CEM6, D5RC23, A0A2D3P2D7, A0A246EG05, A0A2D3NT25, A0A2C6B1F6, R9RA58, D6LF15, A0A0M4SM17, A0A2B7YHW1, A0A133P7V6, A0A2A5QNF3, Q7P5U7, A0A1E9E9I4	NAELQQLGIPVIVGIYGTNPAGGGYHSISPTILIAHK	
232	Meta-Protein 196	A0A0S2ZJD2_9FUSO Propanediol dehydratase OS=Fusobacterium hwasookii ChDC F174 OX=1307442 GN=pduC PE=4 SV=1	root	UNKNOWN	UNKNOWN	UNKNOWN	UNKNOWN	Unclassified|	2	7	A0A0S2ZJD2, U7TW75, A0A241Q3F3, A0A2A5QNH1, A0A2C6B1T3, U7TFL3, A0A2C6C2C3, A0A0M4SRR9, X8GRT9, X8IGC6, D6LIA2, A0A1Z3CED3, A0A0S2ZIW0, J8V5X7, A0A2D3PJV7	DIPVQIAADAAEAALRDLPVQIAADAAEAALR	
233	Meta-Protein 197	F0INX5_STRSA Non-heme iron-containing ferritin OS=Streptococcus sanguinis SK150 OX=888811 GN=HMPREF9383_1826 PE=3 SV=1	root	UNKNOWN	UNKNOWN	UNKNOWN	UNKNOWN	Unclassified|	1	1	F0INX5, A0A1S1H4I7, A0A0F5MLS0	AVLNQVVADLYTAHIALHQVHWYMR	
234	Meta-Protein 198	A0A0S2ZEE2_9FUSO Fructose-1,6-bisphosphatase OS=Fusobacterium hwasookii ChDC F300 OX=1307444 GN=RN97_03475 PE=3 SV=1	root	UNKNOWN	UNKNOWN	UNKNOWN	UNKNOWN	Unclassified|	1	2	A0A0S2ZEE2, A0A246EEZ1, A0A2C6B0H5, A0A2B7YM83, F9EPK7, A0A1S1MD91, A0A0S1YU88, A0A2C6BW78, A0A2C6B2F8	LDDLAKDDEIIFSATGITGGDLLEGVK	
235	Meta-Protein 199	D1BLR1_VEIPT Heavy metal translocating P-type ATPase OS=Veillonella parvula (strain ATCC 10790 / DSM 2008 / JCM 12972 / Te3) OX=479436 GN=Vpar_0635 PE=3 SV=1	Veillonella	UNKNOWN	UNKNOWN	UNKNOWN	UNKNOWN	Unclassified|	1	1	D1BLR1, S2ZTY9, E1LCR8, D6KH07, D1YMM1, A0A134BVG1, L1PWG2, F5KXT9, E1L629, A0A100YN57, A0A2I1THZ7	LSIPLAVLSAMQEASKR	
236	Meta-Protein 200	A0A2A5QHL6_FUSNU Glutathione ABC transporter substrate-binding protein (Fragment) OS=Fusobacterium nucleatum OX=851 GN=CQA79_12655 PE=4 SV=1	root	UNKNOWN	UNKNOWN	UNKNOWN	UNKNOWN	Unclassified|	1	1	A0A2A5QHL6, A5TTM5, A0A2D3JJL6, A0A1Z3CF93, A0A133NTI1, A0A1E9ET04, A0A2C6BTP9, F7KZP8, D5RBV3, A0A140PPE6, A0A1S1MN81, A0A0S1YUT4, A0A0M4SP91, X8IEW0, U7SMM7, F9EL97	VTTEKPMAAILNNLSHTTIAILSEK	
237	Meta-Protein 201	A0A2D3JLW9_FUSNV FAD/NAD(P)-binding oxidoreductase OS=Fusobacterium nucleatum subsp. vincentii OX=155615 GN=CS401_09140 PE=4 SV=1	Fusobacterium	UNKNOWN	UNKNOWN	UNKNOWN	UNKNOWN	Unclassified|	1	3	A0A2D3JLW9, A0A241Q462, A0A246EG06, A0A0M4SET0, A0A1F0E349, X8I7G0, A0A2B7YHV2, A0A2D3PDH4, A0A2D3NWU0, A0A0S2ZQN8, A0A2C6BHC1, A0A133NKT9, A0A2D3P9K8, A0A2D3PU78, D4CRW6, A0A095XPX6, A0A2D3PZD4, A0A0M1VW90, A0A0S2ZRX5, A0A1E9E9X7, A0A2C6B6Z2, H1HF59, A0A1Z3CEK3, A0A101K744, A0A0S2ZCN3, A0A223AVT8	MFDVVVIGAGIMGAAVSR	
238	Meta-Protein 254	A0A134DFW1_9MICO ABC transporter ATP-binding protein OS=Microbacterium hominis OX=162426 GN=MhomT_11705 PE=4 SV=1	root	UNKNOWN	UNKNOWN	UNKNOWN	UNKNOWN	Unclassified|	1	1	A0A134DFW1	KTGLATGAAVPGVAKVDPIMVIDDVTR	
239	Meta-Protein 202	A0A0L7BSH7_9BIFI ATP-dependent zinc metalloprotease FtsH OS=Bifidobacterium animalis subsp. animalis MCC 0483 OX=1365955 GN=ftsH PE=3 SV=1	root	UNKNOWN	UNKNOWN	UNKNOWN	UNKNOWN	Unclassified|	1	2	A0A0L7BSH7, A0A0M4M335, A0A1L8SIP0, A0A087BRQ8, A0A0M0VKD5, A0A0V7YFM2, A0A2G9QR12, A0A083XY05, A0A0L7D0I4	NAPAIIFIDEIDAVGR	
240	Meta-Protein 203	W1UY14_9FIRM Uncharacterized protein OS=Veillonella dispar DORA_11 OX=1403949 GN=Q619_VDC00584G0009 PE=4 SV=1	root	UNKNOWN	UNKNOWN	UNKNOWN	UNKNOWN	Unclassified|	1	1	W1UY14, A0A2I1TFG7	LMMPEQPAEPLNVLETEVALSVPSEEVR	
241	Meta-Protein 204	A0A2C6C9F8_FUSNP Acetyl-CoA acetyltransferase OS=Fusobacterium nucleatum subsp. polymorphum OX=76857 GN=CBG56_05230 PE=3 SV=1	root	UNKNOWN	UNKNOWN	UNKNOWN	UNKNOWN	Unclassified|	2	4	A0A2C6C9F8, A0A2C6BVG2, A0A2C6AY02, A0A2B7YN23, A0A246ED22, A0A1F0E5T2, A0A2C6AV03, A0A2G9E6N5, A0A2C6AWM5, A0A223AZK1, A0A0S2ZV35, Q8GQS7, D5RE94, Q8KR97, X8I0Z5, A0A241Q0I6, A0A1Z3CHQ0	KDGSVTAGNASGLNDGASFLMLASEEAVKYNLKPLVEIVATGTGGVDPLIMGMGPVPAIR	
242	Meta-Protein 205	A0A1F2GEC8_9STRE Glucokinase OS=Streptococcus sp. HMSC10A01 OX=1581076 GN=HMPREF3108_04825 PE=4 SV=1	root	UNKNOWN	UNKNOWN	UNKNOWN	UNKNOWN	Unclassified|	1	1	A0A1F2GEC8, A0A0F3HQX0, A0A1E9DUD0	TVFDLAKEEDELALIVYR	
243	Meta-Protein 206	A0A0T8BXC0_STREE Peptidase, M42 (Glutamyl aminopeptidase) family OS=Streptococcus pneumoniae OX=1313 GN=pepA_1 PE=3 SV=1	root	UNKNOWN	UNKNOWN	UNKNOWN	UNKNOWN	Unclassified|	1	1	A0A0T8BXC0, A0A139N8H3, A0A0T8VWF8, A0A081Q8V0, A0A0E8SZL0, A0A0T8B0V5, A0A0B7GK61, A0A134D8J9, A0A0T8KRW8, A0A0F2CID4, A0A098Z2Z8, A0A024DH98, A0A081PNW1, A0A1V0H4A0, A0A081QB32, A0A0T7Z4R5, A0A0A0DDX9, A0A081PWB9, A0A098ZA17	VSAAILLNLLR	
244	Meta-Protein 207	A0A0T7YPC6_STREE Chaperone protein DnaK OS=Streptococcus pneumoniae OX=1313 GN=dnaK PE=2 SV=1	root	UNKNOWN	UNKNOWN	UNKNOWN	UNKNOWN	Unclassified|	2	2	A0A0T7YPC6, A0A0Z8BVJ3, A0A0D1B616, A0A081Q3Z4, A0A116KD80, A0A096ATV1, A0A0T7TB78, A0A0M9FIM2, A0A123T9V0, A0A0F2E077, A0A091BVJ6, A0A1G6DGQ1, A0A024DD71, A0A081PTZ9, A0A0F2CD30, A0A2I1UMC4, A0A072EVT8, A0A0D1ANA5, A0A0Z8I508, A0A0D1BFU5, A8AVA8, A0A139QMG8, A0A0E1DYQ7, A0A0M9FLJ8, A0A081Q6G7, A0A1L8Q343, A0A075SP89, A0A098ZFV7, A0A0F2E1S5, A0A0T7TQZ5, A0A0T8QUH8, A0A116LDV5, A0A0F2D3I9, A0A0H1YLP4, A0A0P6S3Y8	QALSDAGLSISEIDEVILVGGSTRQALSDAGLSLSEIDEVILVGGSTR	
245	Meta-Protein 208	RPOC_STRGC DNA-directed RNA polymerase subunit beta' OS=Streptococcus gordonii (strain Challis / ATCC 35105 / BCRC 15272 / CH1 / DL1 / V288) OX=467705 GN=rpoC PE=3 SV=1	root	UNKNOWN	UNKNOWN	UNKNOWN	UNKNOWN	Unclassified|	2	2	A8AZI2, A0A081PSM0, A0A2G3DMQ3, A0A0B7GIB9, A0A081R3B1, A0A0H1U4V3, A0A091BPW4, F0HYQ5, A0A0A1DZS8, A0A1F1CK41, A0A0T8C475, A0A2D4DQM4, A0A095Z9V5, A0A139Q5I7, A0A0F3H2K2, A0A0H3BWG0, E8KS56, A0A072EHW0, A0A060RLL7, A0A0G2YZ49, A0A064C323, K4Q6P5, E7S6W0, A0A074JC08, A0A081PYQ7, A0A024DG57, F0IPD0, A0A081PMD7, A0A0P0N633, A0A139QG28, A0A139PAG4, U5P1T0, A0A081QLZ4, A0A0A0DH79, A0A0D1A808, A0A2I1TSG4, A0A0W7UZU6, A0A2J9PE94, A0A081S9J0, A0A0E2J4U8, A0A081QEI0, A0A1D0CRV3, A0A0F2CKZ9, A0A1E9DW78, A0A139MZX5, A0A134DD13, A0A0E3WEN3, A0A075SBB6, A0A0M3SMA3	NLGNIIAEIFKRTFHTGGVASNTDITQGLPR	
246	Meta-Protein 209	F9HFF5_9STRE Basic membrane protein OS=Streptococcus sp. oral taxon 056 str. F0418 OX=904294 GN=HMPREF9182_0189 PE=4 SV=1	root	UNKNOWN	UNKNOWN	UNKNOWN	UNKNOWN	Unclassified|	1	1	F9HFF5, A0A0F5MJ08, A8AX61, A0A0F2CLV9, A0A134DCB0, A0A0F3HM36	DHSDINYVIIDDEIKGQDNVASALFADNEAAYLAGVAAAK	
247	Meta-Protein 210	A0A081Q6W2_STRMT PTS system sorbose-specific iic component family protein OS=Streptococcus mitis OX=28037 GN=SK629_0090 PE=4 SV=1	root	UNKNOWN	UNKNOWN	UNKNOWN	UNKNOWN	Unclassified|	1	1	A0A081Q6W2, A0A081Q8C8, A0A081PUH0, A0A081QJS1, A0A081SB84, A0A0F2CTU8, A0A0T8EKK9, A0A081R1L9, A0A096BK12, A0A024DCC6	MLPGLGFAILLR	
248	Meta-Protein 255	A0A1M3L1D3_9BACT Efflux transporter periplasmic adaptor subunit OS=Dysgonomonas sp. 37-18 OX=1895907 GN=BGO84_05875 PE=3 SV=1	root	UNKNOWN	UNKNOWN	UNKNOWN	UNKNOWN	Unclassified|	1	1	A0A1M3L1D3	ASLNEGLAVRGGESLLSISSKNIVDGDPIAK	
249	Meta-Protein 211	A0A1B3PUX7_LACJH Peptidase OS=Lactobacillus johnsonii OX=33959 GN=BBP16_06985 PE=4 SV=1	Lactobacillus johnsonii pf01	UNKNOWN	UNKNOWN	UNKNOWN	UNKNOWN	Unclassified|	1	1	A0A1B3PUX7, F7SGK2	ALADAQKALKDLQDQVAQDQASGAAGFFK	
250	Meta-Protein 212	A0A2A5QP25_FUSNU Uncharacterized protein OS=Fusobacterium nucleatum OX=851 GN=CQA79_00780 PE=4 SV=1	root	UNKNOWN	UNKNOWN	UNKNOWN	UNKNOWN	Unclassified|	1	2	A0A2A5QP25, A0A2G7H829, A0A1E9ERA5	FKDATILDVADGFVLIETDEGEK	
251	Meta-Protein 213	A0A2B7YT88_FUSNU Phosphoenolpyruvate carboxykinase (ATP) OS=Fusobacterium nucleatum subsp. animalis OX=76859 GN=pckA PE=3 SV=1	root	UNKNOWN	UNKNOWN	UNKNOWN	UNKNOWN	4.1.1.49|	2	4	A0A2B7YT88, C7XP50, A0A0M1VTG2, A0A2G7H7K0, A0A2B7YND0, Q7P555, A0A2D3JIT7, A0A2D3LXE4, A0A2D3PS17, U7T907, G6C0G0, A5TUA0, Q8REI2, A0A2D3PGE5, X7RZ03, A0A2C6B8Y1, A0A2C6B033, A0A0M3USI8, A0A241PYT3, A0A133NR10, A0A095WJ71, J8V5G6, A0A2C6A9P6, A0A223AXS7, A0A0S1YU52, A0A2G9EHY0, A0A2C6BSJ6, A0A0X3Y2U0, A0A246EEN5, D6BD69, A0A2D3NRH2, S4VS69, D4CWX5	IINELASQNLFIHQLLIRVVIFLTADSFGVLPPISR	
252	Meta-Protein 214	C7XPB1_FUSNV Uncharacterized protein OS=Fusobacterium nucleatum subsp. vincentii 3_1_36A2 OX=469604 GN=HMPREF0946_00626 PE=4 SV=1	Fusobacterium	UNKNOWN	UNKNOWN	UNKNOWN	UNKNOWN	Unclassified|	1	1	C7XPB1, U7T8M8, A0A2B7YWK5, A0A246EHA4, A0A1E9EQN1, A0A0S2ZE51, A0A0M4S486, J8VH05, A0A0M3US84	NHLVGAAVGVGVAAVAFYLYK	
253	Meta-Protein 215	A0A1Q8HUL3_9ACTO 3D-(3,5/4)-trihydroxycyclohexane-1,2-dione acylhydrolase (Decyclizing) OS=Actinomyces oris OX=544580 GN=BKH17_05835 PE=3 SV=1	root	UNKNOWN	UNKNOWN	UNKNOWN	UNKNOWN	Unclassified|	1	1	A0A1Q8HUL3, A0A1Q8HZK0, A0A1Q8WF37, A0A1Q8WGY8, A0A1Q8V7U3, J2ZNM3, E7N669, A0A1Q8XNX7, A0A109W9L3, A0A1F1VHN5, A0A1Q8X1T3, F2V1A9, A0A1Q8VQ07, A0A1Q8WRU1	LIAGAFGIFGHGNVAGIGQALLQNEIAR	
254	Meta-Protein 216	J8S7I6_9FUSO D-lactate dehydrogenase OS=Fusobacterium hwasookii ChDC F128 OX=1216362 GN=B437_01820 PE=3 SV=1	root	UNKNOWN	UNKNOWN	UNKNOWN	UNKNOWN	Unclassified|	1	1	J8S7I6, A0A223AZ94, Q7P6Z0, A0A0S2ZGJ5, A0A2B7YM58, A0A1E9ECW6, A0A124GCS3, A0A0S2ZM59, A0A2A5QK49, X8HLY4, X7S7G3, A0A2C6AY11, A0A0S2ZUP3, X8HWX0	VPAYSPHAIAEYTVGLILAVNRK	
255	Meta-Protein 217	A0A074J0X6_STRSL 30S ribosomal protein S8 OS=Streptococcus salivarius OX=1304 GN=rpsH PE=3 SV=1	root	UNKNOWN	UNKNOWN	UNKNOWN	UNKNOWN	Unclassified|	2	1	A0A074J0X6, A0A081JK06, A0A0A6UQM6, F0I5A0, A0A1S1XVH4, A0A0Y1Z8M8, C0MAG4, A8AZL1, E9FMI6, A0A0E2IR06, A0A0B7GI87, A3CK77, F0IQP7, A0A1V0H1P6, A0A096BI06, A0A139NFA8, A0A0E4CTU7, A0A1V2SLH5, A0A139MI08, A0A133RX35, A0A0C1KEY6, A0A0D1BI16, A0A0F2CQA9, A0A1E8UTB8, A0A0F2CVW9, E8K7X3	VLNGLGIAIISTSEGLLTDKEARVLNGLGIAILSTSEGLLTDKEAR	
256	Meta-Protein 256	A0A0S2ZQ60_9FUSO Uncharacterized protein OS=Fusobacterium hwasookii ChDC F174 OX=1307442 GN=RN87_10890 PE=4 SV=1	root	UNKNOWN	UNKNOWN	UNKNOWN	UNKNOWN	Unclassified|	1	1	A0A0S2ZQ60	DAADGSAGMALMADNTVVNVNLAAGVAKNSGTIK	
257	Meta-Protein 257	I3PCT4_9FUSO DNA topoisomerase (ATP-hydrolyzing) (Fragment) OS=Fusobacterium periodonticum OX=860 GN=gyrB PE=4 SV=1	Fusobacterium periodonticum	UNKNOWN	UNKNOWN	UNKNOWN	UNKNOWN	5.99.1.3|	1	1	I3PCT4	ILPDNIIEVVDNGR	
