Peptide No.	Protein Accession(s)	Peptide Sequence	Protein Count	Spectral Count	Taxonomic Group	Taxonomic Rank	NCBI Taxonomy ID	
1	A0A0E4H336	VPGGSSSGSAAAVASGQVR	1	1	Unclassified	No rank	1	
2	C4FQ65	THQIVHGGISLVPEGR	1	1	Veillonella dispar ATCC 17748	Subspecies	546273	
3	D6KNE9	VHPNVNLYGAGTAIR	1	1	Veillonella sp. 6_1_27	Species	450749	
4	E8JNA4	VPLIAGVGTNDTR	1	1	Streptococcus equinus ATCC 9812	Subspecies	525379	
5	A0A023WGF3	AAVEEGIVAGGGTALANVIPAVADLELTGDEATGR	1	1	Unclassified	No rank	1	
6	A0A1I2S590	LRLEDALNATR	1	2	Unclassified	No rank	1	
7	A0A0A1E053	TAIIGQNDIQTTALIR	1	2	Unclassified	No rank	1	
8	A0A096B0A3	VQTAIAMQQVAEPYIR	1	1	Unclassified	No rank	1	
9	A0A108CRJ7	AMLQLYPADRMVAEPASR	1	1	Unclassified	No rank	1	
10	A0A077KQC0	IAVLTSGGDAPGMNAALR	1	1	Unclassified	No rank	1	
11	A0A134DBT5	RLDVNIAQGEPILAHYR	1	2	Unclassified	No rank	1	
12	A0A091BVJ6	QALSDAGLSISEIDEVILVGGSTR	1	5	Unclassified	No rank	1	
13	A0A139PAU7	FVAPHEVEYMQSQVTAADELLR	1	4	Unclassified	No rank	1	
14	A0A2I1TIC4	NIDWDNLGFGYVETEYR	1	1	Unclassified	No rank	1	
15	W1WSC1	VFTEANVDTEVIQLGNKPIR	1	1	Veillonella sp. DORA_A_3_16_22	Species	1403932	
16	E4LDT0	GGVTTPADLTTGNIGVVSDGAGTLNVR	1	1	Veillonella sp. oral taxon 158 str. F0412	Subspecies	879309	
17	C8NGI4	AVDNVNNIIAEAILGYDVR	1	1	Granulicatella adiacens ATCC 49175	Subspecies	638301	
18	A0A081QJY2	KGNVILLEPTIAEAVSR	1	1	Unclassified	No rank	1	
19	A0A0E4CTL2	NKELISIDISGLEAGTQYR	1	1	Unclassified	No rank	1	
20	A0A0E4CTL2	ELISIDISGLEAGTQYR	1	2	Unclassified	No rank	1	
21	A0A080NMB3	LGANALLGVSLAVAR	1	2	Unclassified	No rank	1	
22	A0A0F2CUI8	AQATINDQVAQAAAQGTTIPQEQVTAALEQAK	1	1	Unclassified	No rank	1	
23	A0A133S776	GLSHISGEVIIVAHDLAPSDTASLDK	1	2	Unclassified	No rank	1	
24	A0A133S756	SLGNVIDPNPLIDTYGADSLR	1	2	Unclassified	No rank	1	
25	W1ULL6	QGELVAALEALR	1	1	Veillonella sp. DORA_B_18_19_23	Species	1403933	
26	A0A1E9DXN0	TLYSILSHGTLSISNNTPLGQITGASASGR	1	1	Unclassified	No rank	1	
27	C8NH16	GLSTAELVEKENELKQELFNLR	1	1	Granulicatella adiacens ATCC 49175	Subspecies	638301	
28	A0A086A9T3	KALSDAGLSISDIDEVILVGGSTR	1	2	Unclassified	No rank	1	
29	A0A1L7MUN1	LVGLVPILTSYIAHR	1	2	Unclassified	No rank	1	
30	A0A1X1GR25	KGLVTGVAGTVAAVAGAVYALK	1	1	Unclassified	No rank	1	
